author,year,entry,title,in,publisher,place,pages,notes,Kortform (særlig),TEI-id,MS i arkivet
LH,1916,1916,Sammensatte ord i dansk,,,,,"Hellerup Gymnasiums Prisopgave, Skoleaaret 1915-1916. 97 håndskrevne sider. Den positive bedømmelse af dette arbejde tilskynder Hjelmslev til at studere lingvistik (1932b: s. 149). Et fotokopieret eksemplar befinder sig på Lingvistisk Bibliotek, Københavns Universitet.",,,
LH,1922,1922,Indtryk fra Litauen. I: Ydre linjer. II: Indre liv,"Gads danske Magasin, 16",,,"409-416, 456-464",,,,
LH,1923,1923,Otto Jespersens værk om sproget,"Tilskueren, 40 (2)",,,48-58,,,,
LH,1925,1925a,[Kronik] Studentermødet i Nyborg,"Ekstra-Bladet, 18/8-1923",,,,,,,
LH,1925,1925b,[Kronik] Aandsarbejdernes Internationale,"Ekstra-Bladet, 19/10-1925 ",,,,,,,
LH,1926,1926a,Création de nouvelles revues scientifiques,"Bulletin des relations scientifiques, 1 (1)",,,39-40,,,,
LH,1926,1926b,Linguistique comparée et générale. Les efforts pour un système international de transcription phonétique et de transliteration,"Bulletin des relations scientifiques, 1 (1)",,,48-49,,,,
LH,1928,1928a,Principes de grammaire générale,,"Det Kongelige Danske Videnskabernes Selskab. Historisk-filologiske Meddelelser, 16 (1); Bianco Lunos Bogtrykkeri",,,"Genoptryk 1968 (København: Munksgaard). Bogen udkom i 1929, den var færdig fra trykkeriet den 27/4-1929. Se også 1929.",PGG,90,
LH,1928,1928b,Intellektuelt samarbejde. Dets organisation og dets betydning. Indtryk fra instituttet i Paris,"Quod Felix, 3 (9); 3 (10)",,, 83-84; 93-95,,,,
LH,1928,1928c,[Kronik] Verdens første Sprogforskerkongres,"Nationaltidende, 12/5-1928",,,,,,,
LH,1928,1928d,Det litauiske Folk og dets Sprog,"Gry, 2 837)",,,189-196,Publiceredes som bog i 1930: Det litauiske Folk og dets Sprog. København: Henrik Koppels Forlag. 14 s.,,,
LH,1928,1928e,Vor Sprogæts Forhistorie,"Gry, 2 (46)",,,361-368,,,,
LH,1929,1929,[Resumé på tysk af PGG]," Acta Philologica Scandinavica, Bibliographie der nordischen Philologie, 4",,,291-292,,,,
LH,1931,1931,[Kritik af en kronik] Lucien Lévy-Bruhl,"Politiken, 28/4-1931",,,,,,,
LH,1932,1932a,Études baltiques,,Levin & Munksgaards,København,,,EB,58,
LH,1932,1932b,[Selvbiografi på dansk], Festskrift udgivet af Københavns Universitet i Anledning af Universitetets Aarsfest,,,149-150,,,,
LH,1932-1935,1932-1935,Rasmus Rask. Udvalgte Afhandlinger udgivet paa Bekostning af Rask-Ørsted Fondet i Hundredeaaret for Rasks Død paa Foranledning af Vilhelm Thomsen af Det Danske Sprog- og Litteraturselskab ved Louis Hjelmslev med Indledning af Holger Pedersen,,Levin & Munksgaard,København,,"Bind 1 (1932), 1v-396 s.; bind 2 (1933), 384 s.; bind 3 (1935), 422 s. Det sidste bind indeholder det kritiske apparat og Hjelmslevs anmærkninger. Notits i Acta Philologica Scandinavica, Bibliographie der nordischen Philologie, 1933-1934, 8: s. 298",RR UA I-III,?,
LH,1932-1937,1932-1937,[Oversættelse] Rasmus Rask,Ausgewählte Abhandlungen,Levin & Munksgaard,København,,,,?,
LH,1933,1933a,Structure générale des corrélations linguistiques,,,,,"Skrevet i 1933, skulle udkomme i BCLC (1933a: s. 57) og i TCLC (OSG 89n), og udkom posthumt i 1973: s. 57-99",SGCL,,TCLC_14_2_1-tei.xml
LH,1933,1933b,Grundlaget for dansk grammatik. I anledning af to nyere arbejder,Selskab for nordisk Filologi. Aarsberetning for 1933,,,2-3,,,,
LH,1933,1933c,Rasmus Rask og Sverige 1812-1818 belyst ved hans breve til A.A. Afzelius,"Nordisk tidskrift för vetenskap, konst och industri, 9",,,445-456,,,?,
LH,1933,ms 1933,Bidrag til læren om de grammatiske systemers almindelige bygning,,,,,, LK 27/4-1933,,
LH,1934,1934a,Sprogsystem og Sprogforandring,"Travaux du Cercle Linguistique de Copenhague, 15 [1972]",Nordisk Sprog- og Kulturforlag,København,,"Hjelmslevs forelæsninger ved Aarhus Universitet efteråret 1934. I 1937 annoncerede Hjelmslev, at et værk med denne titel var under forberedelse (1937e: 31)",SoS,111,
LH,1934,1934b,Engelsk sprogforsker paa Universitetet [Alan S.C. Ross],"Aarhus Stiftstidende, 23/9-1934",,,,,,,
LH,1935,1935a,La catégorie des cas. Étude de grammaire générale,"Acta Jutlandica, 7 (1)",Universitetsforlaget,Aarhus,,,Cas I,50,ActaJutlandica_7_1-tei.xml
LH,1935,1935b,"[Anmeldelse på tysk] Otto Jespersen: Tanker og studier, 1932","Indogermanische Forschungen, 53",,, 135-136,,,,
LH,1935,1935c,[Interventioner på dansk],"Bulletin du Cercle Linguistique de Copenhague, 1934, 1",,,"2, 3, 6, 7, 8, 9-10, 15-16",,,,
LH,1935,1935d,Den sprogvidenskabelige tydning af Setre-kammens ’mauna’,Aarbøger for nordisk Oldkyndighed og Historie,,,"275-280, XLIV",,,,
LH,1935,1935e,[Resumé på engelsk af 1935d],"Acta Philologica Scandinavica, Bibliography of Scandinavian Philology, 1936-37, 11",,,270,,,,
LH,1935,1935f,Synspunkter for dansk fonetik,Selskab for Nordisk Filologi. Aarsberetning for 1935,,,6-8,,,,
LH,1936,1936a,"Synopsis of an Outline of Glossematics [with:] H.J. Uldall. (Humanistisk Samfund. Skrifter, 1)",,Levin & Munksgaard; Aarhus Universitetsforlaget,København; Aarhus,,,urOG,86,
LH,1936,1936b,Sprog og tanke,"Sprog og Kultur, 5 (1)",,,24-33,,,143,
LH,1936,1936c,[Resumé på engelsk af 1936b],"Acta Philologica Scandinavica, Bibliography of Scandinavian Philology, 1936-37, 11",,,264,,,,
LH,1936,1936d,Essai d’une théorie des morphèmes,Quatrième congrès international de linguistes. Copenhague 1936. Résumés des communications,Vald. Pedersens Bogtrykkeri,København,39-42,,Essai resumé,57,
LH,1936,1936e,On the Principles of Phonematics,"Proceedings of the Second International Congress of Phonetic Sciences [London, 22.-26. juli 1935]",Cambridge University Press,Cambridge,49-54,Også i 1973: 157-162,Phontcs,145,TCLC_14_3_1-tei.xml
LH,1936,1936f,Etudes de linguistique structural organisées au sein du Cercle linguistique de Copenhague [sammen med H.J. Uldall],"Bulletin du Cercle Linguistique de Copenhague 1935, 2",,,13-15,,,,
LH,1936,1936g,Det humanistiske Fakultet,"Den jydske Akademiker, 8 (8)",,,2-3,,,,
LH,1937,1937a,Quelques réflexions sur le système phonique de l’indo-européen,"Mélanges linguistiques offerts à M. Holger Pedersen. Acta Jutlandica, 9 (1)",,,34-44,Også i 1973: 163-172,Refl,82,TCLC_14_3_2-tei.xml
LH,1937,1937b,La nature du pronom,Mélanges de linguistique et de philologie offerts à Jacques van Ginneken,Klincksieck,Paris,51-58,Også i 1959: 192-198,Ponom,,TCLC_12_13-tei.xml
LH,1937,1937c,"La catégorie des cas. Étude de grammaire générale, 2","Acta Jutlandica, 9 (2)",,,,Se 1935a,Cas II,51,ActaJutlandica_9_2-tei.xml
LH,1937,1937d,"Accent, intonation, quantité","Studi baltici, 6",,,1-57,Også i 1973: 181-222,AIQ,,TCLC_14_3_4-tei.xml
LH,1937,1937e,Indledning til Sprogvidenskaben,,Levin & Munksgaard,København,,Forelæsning ved tiltrædelsen af professoratet i sammenlignende sprogvidenskab ved Københavns Universitet den 14/9-1937. Oversat i 1959: 89-95,Tiltr,,TCLC_12_1-tei.xml
LH,1937,1937f,La syllabation en slave,Mélanges linguistiques et philologiques offerts à M. Aleksandar Belic, Mlada Srbija,Beograd,315-324,Også i 1973: 173-180,Syll,,TCLC_14_3_3-tei.xml
LH,1937,ms 1938,Forme et substance linguistiques,,,,,"Conférence faite au Cercle Linguistique de Prague, le 25 octobre 1937",FeS,,
LH,1938,1938a,Essai d’une théori des morphèmes,Actes du quatrième congrès international des linguistes [København 27/8 – 1/9-1936],Munksgaard,København,140-151,Også i 1959: 159-164,Essai,57,TCLC_12_11-tei.xml
LH,1938,1938b,"Über die Beziehungen der Phonetik zur Sprachwissenschaft. Archiv für vergleichende Phonetik, 2: s. 129-34 og 211-22",,,,,Også i 1973: 223-246,Bez,,TCLC_14_3_5-tei.xml
LH,1938,1938c,Neue Wege der Experimentalphonetik,"Nordisk tidsskrift for tale og stemme, 2",,,153-194,,Neue Wege,,
LH,1938,1938d,Etudes sur la notion de parenté linguistique. Première étude: relations de parenté des langues creoles,"Revue des études indo-européennes, 2",,,271-286,,Parenté,,
LH,1938,1938e,La structure des oppositions dans la langue,"Onzième congrès international de psychologie. Paris, 25-31 juillet 1937. Rapports et comptes rendus",Alcan,Paris,241-242,,Opp,,
LH,1938,1938f,"[Kronik] Ny fransk-dansk Ordbog. [Anmeldelse af A. Blinkenberg et M. Thiel: Dansk-fransk ordbog, 1937]","Politiken, 10/3-1938",,,,,,,
LH,1938,1938g,[Om Georg Gerullis]. Balterne og de nordiske Folkeslag,"Politiken, 15/2-1938",,,,,,,
LH,1938,1938h,[Om J. Kuryłowicz]. Polsk Forsker om Nordisk Accent,"Politiken, 19/10-1938",,,,,,,
LH,1938,1938i,[Intervention],Actes du quatrième congrès international des linguistes [København 27/8 – 1/9-1936],,,"139, 165",,,,
LH,1938,1938j,"Rasmus Rask, jeho zivot a dílo. (Přednáška proslovená v Ústavu skandinávském a nizozemském v Praze 22. října 1937). [Rasmus Rask, hans liv og værk. Foredrag holdt på Institut for skandinaviske og nederlandske studier i Prag den 22. oktober 1937]","Slovo a slovesnost, 4",,,65-67,,,?,
LH,1938,1938k,Jazyková forma a substance. (Přednáška proslovená v Pražském Linguistickém Kroužku 25.  října 1937). [Sprogets form og substans. Foredrag holdt i Lingvistkredsen i Prag den 25. oktober 1937],"Slovo a slovesnost, 4",,,128,,,,
LH,1938,1938l,[Resumé på engelsk af 1938c],"Acta Philologica Scandinavica, Bibliography of Scandinavian Philology, 1938-39, 13",,,303-304,,,,
LH,1939,1939a,The Syllable as a Structural Unit,"Proceedings of the Third International Congress of Phonetic Sciences [Ghent, 18.-22. juli 1938]",,Ghent,266-272,Også i 1973: 239-245,Syllable,178,TCLC_14_3_6-tei.xml
LH,1939,1939b,[Nekrolog på tysk] N.S. Trubetzkoy,"Archiv für die gesamte Phonetik. Abt. I: Archiv für vergleichende Phonetik, 3 (1)",,,55-60,,NST-obit,,
LH,1939,1939c,Ny experimentalfonetik,"Nordisk tidsskrift for tale og stemme, 3",,,74-94,,,,
LH,1939,1939d,Forme et substance linguistiques,"Bulletin du Cercle Linguistique de Copenhague, 1937-38, 4",,,3-4,Også i 1973: 99-100,,Samme som ms 1937?,TCLC_14_2_2-tei.xml
LH,1939,1939e,La structure morphologique (types de système),Cinquième congrès international des linguists. Rapports,Imprimerie Sainte Catherine [Kraus Reprint 1973],Bruges,66-93,Genoptaget med ubetydelige ændringer i 1959: 113-138,Struct Morph,,TCLC_12_9-tei.xml
LH,1939,1939f,Le caractère “linéaire” du significant,Cinquième congrès international des linguistes. Résumés des communications,Imprimerie Sainte Catherine [Kraus Reprint 1973],Bruges,25-26,,,,
LH,1939,1939g,Note sur les oppositions supprimables,"Travaux du Cercle Linguistique de Prague, 8",,,51-57,Jf. 1946e: 8; også i 1959: 82-88,Note,,TCLC_12_6-tei.xml
LH,1939,1939h,[Leder på fransk med Viggo Brøndal],"Acta Linguistica, 1 (1)",,,1-2,,,,
LH,1939,1939i,La notion de rection,"Acta Linguistica, 1 (1)",,,10-23,Også i 1959: 139-151,Rection,175,TCLC_12_10-tei.xml
LH,1939,1939j,[Nekrolog på engelsk]. Edward Sapir,"Acta Linguistica, 1 (1)",,,76-77,,Sapir-obit,,
LH,1939,1939k,"[Notitser på fransk] (1) S.C. Boyanus og N.B. Jopson: Spoken Russian, 1939; (2) W. Doroszewski: [Sprogslægtskab ud fra dialektfund], 1938; (3) A. Martinet: La phonologie, M. Grammont: La néophonologie, A. Martinet: La phonologie synchronique et diachronique, 1938-39; (4) Questionnaire phonologique pour servir à l’étude des parlers de France, 1939; (5) C. Racovità: L’article en russe, 1938","Acta Linguistica, 1 (2)",,,142-144,,,,
LH,1939l,1939l,[Nekrolog på dansk]. Kurt Wulff: 4/9-1881 – 4/5-1939,Festskrift udgivet af Københavns Universitet,,,115-121,,Wulff-obit,,
LH,1939,1939m,[Intervention på tysk],"Proceedings of the Third International Congress of Phonetic Sciences [Ghent, 18.-22. juli 1938]",,,66,,,,
LH,1939,1939n,"[Analyse på fransk af] C.C. Uhlenbeck: Oer-Indogermaansch en Oer-Indogermanen, 1935","Bulletin du Cercle Linguistique de Copenhague, 1937-38, 4",,,4-9,,,,
LH,1939,1939o,[Interventioner på fransk og tysk],"Bulletin du Cercle Linguistique de Copenhague, 1937-38, 4",,,"2-3, 6, 11, 15-16",,,,
LH,1939,1939p,[Intervention på engelsk]. Caractères grammaticaux des langues créoles,"Congrès international des sciences anthropologiques et ethnologiques. Compte rendu de la deuxième session [København, 1938]",Munksgaard,København,"373, 374",,,,
LH,1940,1940a,[Hilsen],Hilsen til Otto Jespersen paa firs-Aarsdagen 16 juli 1940,Munksgaard,København,59,,,,
LH,1940,1940b,"[Notitser på fransk] (1) P. Chantraine: Remarques sur les rapports entre les modes et les aspects en greo, 1939; (2) Conférences de l’Institut de linguistique de l’Université de Paris, 1937; (3) H.L. Koppelmann: Sprachmischung und Urverwandtschaft, 1939; (4) A. Mirambel: Remarques de syntaxe néo-grecque, 1939; (5) R. Pipping: Språk och stil, 1938; (6) A. Sommerfelt: Les formes de la pensée et l’évolution des catégories de la grammaire, 1938; (7) J. Vendryes: La position linguistique du celtique, 1937; (8) E. Zwirner: Langue et langage en phonométrie, 1938","Acta Linguistica, 1 (3)",,,206-208,,,,
LH,1940,1940c,[Interventioner],"Bulletin du Cercle Linguistique de Copenhague 1938-39, 5",,,"3, 5, 7, 8, 14",,,,
LH,1940,1940d,Phonétique expérimentale,"Bulletin du Cercle Linguistique de Copenhague 1938-39, 6",,,10-11,,,,
LH,1940,1940e,"[Nekrolog på fransk, med bibliografi]. Kurt Wulff","Bulletin du Cercle Linguistique de Copenhague 1938-39, 7",,,23-28,,Wulff-obit fr,Samme id som 1939l?,
LH,1940,1940f,"[Notits]. Esperanto. [Om P. Neergaard: Esperanto for Begyndere, 1939]","Berlingske Aftenavis, 10/9-1940",,,,,,,
LH,1941,1941a,De grammatiske kategorier,"Translatøren, 3 (1)",,,8-16,,,,
LH,1941,1941b,Et par sprogteoretiske betragtninger,"Årbog for nordisk målstræv, 4",,,81-88,,,,
LH,1941,1941c,A Causerie on Linguistic Theory,,,,,"[Oplæg hold i Lingvistkredsen i anledning af kredsens tiårsdag, oversat fra den danske original (ms 1941b) af Carol Hendriksen, posthumt i 1973: 101-17]",Causerie,Samme som 1941b,TCLC_14_2_3-tei.xml
LH,1941,1941d,"[Anmeldelser] (1) A.W. de Groot: Taalkunde: Zur Grundlegung der Morphologie und der Syntax, 1938, Wort und Wortstruktur, De structuur van het Nederlands, 1939; (2) W. Keller: Der Sinnbegriff als Kategorie der Geisteswissenschaften, 1937 [på tysk]; (3) L. Novák: [Det grammatiske systems grundelement og lingvistisk typologi], 1936; (4) L. Novák: [Om fundamentale problemer i den strukturelle lingvistik], 1937; (5) E. Sapir: Glottalized consonants in Navaho, Nootka, and Kwakiutl, 1938","Acta Linguistica, 1940-41, 2 (1)",,,61-66,,,,
LH,1941,1941e,"[Notitser]. (1) L. Novák: Quelques remarques sur le système phonologique du hongrois, 1936-37; (2) E.A. Speiser: The pitfalls of Polarity, 1938; (3) C.C. Uhlenbeck: Grammatische invloed van het Algonkisch op het Wiyot en het Yurok, 1939; (4) B.L. Whorf: Some verbal categories in Hopi, 1938","Acta Linguistica, 1940-41, 2 (1)",,,67-68,,,,
LH,1941,1941f,[Nekrolog på fransk] N. van Wijk,"Acta Linguistica, 1940-41, 2 (2)",,,108-110,,,,
LH,1941,1941g,"[Anmeldelse på fransk] Mélanges de linguistique offerts à Charles Bally, 1939","Acta Linguistica, 1940-41, 2 (2)",,,111-116,,,,
LH,1941,1941h,"[Anmeldelse på engelsk] P. Christophersen: The Articles, 1939","Acta Linguistica, 1940-41, 2 (2)",,,116-117,,,,
LH,1941,1941i,"[Anmeldelse på fransk] L.H. Gray: Foundations of Language, 1939","Acta Linguistica, 1940-41, 2 (2)",,,122-126,,,,
LH,1941,1941j,"[Notitser] (1) BCLC, 1939-41; (2) P. Ariste: Hiiu murrete häälikud, 1939; (3) C. Battisti: Fonetica generale, 1938; (4) N. Bøgholm: English Speech from an Historical Point of View, 1939; (5) A. Brahde: Engelske Verber og Adverbier, 1938; (6) J. Jørgensen: Imperatives and Logic, Reflexions on Logic and Language, 1939, Empiricism and Unity of Science, 1940; (7) I. Lekov: [Rids af bulgarsk fonetisk og fonologisk system], 1939; (7) I. Lekov: [Om bulgarsk, polsk og tjekkisk fonologi], 1939; (8) I.C. Ward: The Phonetics of English, 1939","Acta Linguistica, 1940-41, 2 (2)",,,130-135,,,,
LH,1941,1941k,[Interventioner],"Bulletin du Cercle Linguistique de Copenhague 1939-40, 6",,,"6, 12",,,,
LH,1941,1941l,Connectif et ”voyelle thématique” en hongrois,"Bulletin du Cercle Linguistique de Copenhague 1939-40, 7",,,12-13,,,,
LH,1941,1941m,[Kritik af en artikel med samme titel]. Akustisk sprogæstetik,"Nordisk tidsskrift for tale og stemme, 5 (5)",,,105-07,,,,
LH,1941,1941n,"Breve fra og til Rasmus Rask udgivet med støtte af Rask-Ørsted Fondet ved Louis Hjelmslev, 1-2",,Munksgaard,København,,,RR Breve I-II,?,
LH,1941,ms 1941a,Sprogteori. Résumé. Formulering 1941,,,,,,Resumé ms 1941,101,
LH,1941,ms 1941b,Et sprogteoretisk causeri,,,,,Engelsk oversættelse i 1973 (1941c),,,
LH,1942,1942a,Sprogslægtskab. Resumé af foredrag i Translatørforeningen 17/10-1941,"Translatøren, 4 (1); (2)",,,11-16; 30-32,,,,
LH,1942,1942b,Vilhelm Thomsen. Foredrag paa Københavns Universitet 26. januar 1942,"Gads danske magasin, 36",,,136-147,Oversættelse i 1973: 17-27,,,TCLC_14_1_2-tei.xml
LH,1942,1942c,[Kronik] Vilhelm Thomsen,"Aarhus Stiftstidende, 25/1-1942",,,,,,,
LH,1942,1942d,Vilhelm Thomsen,"Berlingske Tidende, 25/1-1942",,,,,,,
LH,1942,1942e,"[Kronik]. Johannes V. Jensens nye Bog. [Om Johannes V. Jensen: Om Sproget og Undervisningen, 1942]","Politiken, 4/4-1942",,,,,,,
LH,1942,1942f,Den nysproglige Almendannelse,"Gymnasieskolen, 25",,,352-355,,,,
LH,1942,1942g,"[Anmeldelse]. Lær mig at læse. [Om K. Schmidt-Phiseldeck: Lær mig at læse, 1942]","Politiken, 26/3-1942; 5/4-1942",,,,,,,
LH,1942,ms 1942,Sprogteori. Praktisk del,,,,,,,Samme som ms 1941a?,
LH,1942-43,ms 1942-43,Sprogteori. [’Toppen og Bolden’]. Forelæsninger febr. 1942 – dec. 1943,,,,,Udskrevet efter stenografi af Harry Wett Frederiksen (HWF),Forelæsninger (Toppen og Bolden),,
LH,1943,1943a,Omkring sprogteoriens grundlæggelse,,Munksgaard,København,,Genoptryk 1966 og 1976 (Kbh.: Akademisk forlag). Oversættelser autoriseret af Hjelmslev er 1953a og 1961a,OSG,62,TCLC_25-tei.xml
LH,1943,1943b,Langue et parole,"Cahiers Ferdinand de Saussure, 2",,,29-44,Også i 1959: 69-81,LgetP,,TCLC_12_5-tei.xml
LH,1943,1943c,Sproget. Danmark og Verdenskulturen. En samling radioforedrag (red.: Kaj Birket-Smith),,Erichsen,København,71-85,,,100,
LH,1943,1943d,"Sprogvidenskab. Danmarks Kultur ved Aar 1940, Den videnskabelige Kultur (red.: Svend Dahl)",,"Det danske Forlag, bd. 7",København,174-187,,,,
LH,1943,1943e,Søren Peter Cortsen,"Salmonsens Leksikon-Tidsskrift, 3, col. 582-583",,,,,,,
LH,1943,1943f,Sigmund Fiest,"Salmonsens Leksikon-Tidsskrift, 3, col. 592-593",,,,,,,
LH,1943,1943g,Eduard Schwyzer,"Salmonsens Leksikon-Tidsskrift, 3, col. 610-611",,,,,,,
LH,1943,1943h,"Karl Verner. [Revideret biografi, første version er af Vilh. Thomsen]","Dansk Biografisk Leksikon, 25",,,350-352,,,,
LH,1943,1943i,Dr. Sigmund Feist in memoriam,"Politiken, 30/3-1943",,,,,,,
LH,1943,1943j,Dansk Sprog og Kultur som Eksportvare,"Nationaltidende, 10/1-1943",,,,,,,
LH,1943,ms 1943a,"Objektsprog, metasprog og ikkesprog. (Af en sprogforskers filosofiske bekendelse)",Foredrag i Selskabet for filosofi og psykologi 11/5-1943,,,,,,,
LH,1943,ms 1943b,Forelæsning over sprogteori I,,,,,,Forelæsninger 1943 i,,
LH,1943,ms 1943c,Forelæsning over sprogteori II,,,,,,Forelæsninger 1943 ii,,
LH,1943,ms 1943d,Sprogteori. Résumé. [189 s.],,,,,Engelsk oversættelse af F. J. Whitfield (1975a),SR,101,
LH,1943,ms 1944,[Observations],"Bulletin du Cercle Linguistique de Copenhague, 1941-65, 8-31",,,226-227,,,,
LH,1944,1944a,Sprogbygning og sprogbrug,Selskab for nordisk filologi. Aarsberetning for 1943,,,6-8,,,,
LH,1944,1944b,Nogle mejeriord i sprogvidenskabelig Belysning,"Nordisk Mejeri-Tidsskrift, 10",,,185-189; 201-202,,,,
LH,1944,1944c,Moderne Sprogtænkning,Videnskaben i dag,Schultz,København,419-443,,,,
LH,1944,1944d,"[Nekrolog på fransk]. Otto Jespersen. Acta Linguistica, 1942-43, 3: s. 119-30. Også i 1973: s. 41-54.",,,,,,OJ-obit,,TCLC_14_1_4-tei.xml
LH,1944,1944e,Forord,H.C. Andersen: Kejserens nye Klæder paa femogtyve sprog. Les habits neufs de l’empereur en vingt-cinq langues. (Udg.: LH og Axel Sandal), C.A. Reitzels forlag,København,"11-16, 17-23",,,,
LH,1944,1944f,[Anmeldelse] Hildebrandt 1944,?,,,,,,,
LH,1944,1944g,Kurt Wulff,"Dansk biografisk Leksikon, 26",,,352-355,,,,
LH,1944,1944h,Andreas Blinkenberg,"Dansk biografisk Leksikon, 27",,,84-85,,,,
LH,1944,1944i,Søren Peter Cortsen,"Dansk biografisk Leksikon, 27",,,158,,,,
LH,1944,1944j,Kaare Grønbech,"Dansk biografisk Leksikon, 27",,,233-234,,,,
LH,1944,1944k,"[Kronik]. Zarathustra og Danmark [Anmeldelse af Codices Avestici et Pahlavici Bibliothecae Universitatis Hafniensis, 12 bd., 1931-1944]","Politiken, 5/8-1944",,,,,,,
LH,1944,1944l,[Rasmus Rasks rejse på Island],"N.E. Weis: Hvor minderne taler, Peter Schannongs Værk",Munksgaard,København,116-119,,,,
LH,1944,1944m,[Vilh. Thomsen],"N.E. Weis: Hvor minderne taler, Peter Schannongs Værk",,,160-162,,,,
LH,1944,ms 1945,Forelæsning over almen sprogvidenskab (”Indledning til sprogvidenskaben”),,,,,,,,
LH,1945,1945a,Internationale ord,"Translatøren, 7",,,50-54,,,,
LH,1945,1945b,Kaj Barr,"Salmonsens Leksikon-Tidsskrift, 5, col. 257",,,,,,,
LH,1945,1945c,Louis Gauchat,"Salmonsens Leksikon-Tidsskrift, 5, col. 265-266",,,,,,,
LH,1945,1945d,Jens Holt,"Salmonsens Leksikon-Tidsskrift, 5,  col. 266-267",,,,,,,
LH,1945,1945e,Vilh. Thomsen,"Danmark, 5",,,241-244,,,,
LH,1945-47,ms 1945-47,[LH’s og H.J. Uldalls korrespondance i tiden 1945-47 efterfulgt af ’Glossematiske spørgetimer’],,,,,,,,
LH,1946,1946a,"Estland, Letland og Litauen","Frit Danmark, (19)",,,"7, 10-11",,,,
LH,1946,1946b,Giulio Bertoni,"Salmonsens Leksikon-Tidsskrift, 6, col. 712-723",,,,,,,
LH,1946,1946c,Renward Brandstetter,"Salmonsens Leksikon-Tidsskrift, 6, col. 714",,,,,,,
LH,1946,1946d,Norbert Jokl,"Salmonsens Leksikon-Tidsskrift, 6, col. 769",,,,,,,
LH,1946,1946e,[Interventioner på fransk og engelsk],"Bulletin du Cercle Linguistique de Copenhague 1940-41, 7",,,"3, 4, 5, 8, 9-10, 11, 15-16, 17",,,,
LH,1946,1946f,[Les degrés de comparaison],"Bulletin du Cercle Linguistique de Copenhague 1940-41, 7",,,14,,,,
LH,1946,1946g,[Kronik]. Videnskabsmand og Bohême,"Aarhus Stiftstidende, 7/3-1946",,,,,,,
LH,1946,1946h,Fremragende norsk Gæst paa Universitetet,"Politiken, 12/11-1946",,,,,,,
LH,1946,ms 1947,Semantikkens grundproblem,,,,,,,,
LH,1947,1947a,The basic Structure of Language. [Forelæsninger på University of London i 1947 og University of Edinburgh i 1950],,,,,"Posthumt i 1973: 119-153. Udkom først i fransk oversættelse i Prolégomènes à une théorie du langage, Paris: Minuit 1968 and 1968-71",,,TCLC_14_2_4-tei.xml
LH,1947,1947b,"[Interventioner på dansk] Nordistmødet i København, januar 1946. .","Acta Philologica Scandinavica, 19",,,"83-85, 88",,,,
LH,1947,1947c,La dissimilation d’aspiration,"Revue des études indo-européennes, 4",,, 69-76,,,,
LH,1947,1947d,Problémy sémantiky. [Semantikkens problemer]. [Foredrag i Lingvistkredsen i Bratislava den 30/5-1947],"Slovo a tvar, 1",,,63-64,,,,
LH,1947,1947e,[Forord],Knut Hagberg: Sædernes bog,Reitzel,København,,"Hagbergs svenske bog er en antologi af litterære tekster. LH redigerede de parallelle danske oversættelser og (gen)oversatte selv visse tekster under hensyn til de originale. Han erstattede en tekst af udelukkende svensk interesse med en tekst af den danske historiker Troels-Lund, og han skrev en kort introduktion hertil",,,
LH,1947,1947f,Les méthodes structurales et leur application éventuelle sur les sciences historiques. [Resumé af et foredrag i Dansk selskab for oldtids- og middelalderforskning den 13/4-1945],"Classica et Mediaevalia, 9",,,272,,,,
LH,1947,ms 1947a,"[Indlæg i debatten om Holt 1946, LK 1/5-1947]",,,,,,,,
LH,1947,ms 1947b,"[Indlæg i debatten, der fulgte Paul Diderichsens oplæg ’Klasse, Relation, Helhedstype’, LK 20/11-1947]",,,,,,,,
LH,1948,1948a,Structural Analysis of Language,"Studia Linguistica, 1",,,69-78,"Også i 1959: 27-35. Russisk oversættelse i Acta Linguistica, 1950-51, 6: 57-67",,,TCLC_12_3-tei.xml
LH,1948,1948b,Le verbe et la phrase nominale,"Mélanges de philologie, de littérature et d’histoire anciennes offerts à J. Marouzeau",Les Belles Lettres,Paris,253-281,Også i 1959: 165-191,,,TCLC_12_12-tei.xml
LH,1948,1948c,[Lederartikel på fransk],"Acta Linguistica, 1944, 4",,,v-xi,Forkortet version under titlen ’Linguistique structurale’ i 1959: 21-26.,,,TCLC_12_2-tei.xml
LH,1948,1948d,[Nekrolog på fransk] Kr. Sandfeld,"Acta Linguistica, 1944, 4",,,136-139,,,,
LH,1948,1948e,"[Anmeldelse på fransk] B. Collinder: Introduktion i språkvetenskapen, 1941","Acta Linguistica, 1944, 4",,,140-141,,,,
LH,1948,1948f,"[Anmeldelse på fransk] G. Gougenheim: Système grammatical de la langue française, 1938","Acta Linguistica, 1944, 4",,,141-143,,,,
LH,1948,1948g,"La comparaison en linguistique structurale. [Om J. Vendryes: La comparaison en linguistique, 1946]","Acta Linguistica, 1944, 4",,,144-147,,,,
LH,1948,1948h,Linguistics,The Humanities and the Sciences in Denmark during the Second World War,Munksgaard,København,112-114,"Jf. en notits i Acta Linguistica, 1944, 4 (1): 50",,,
LH,1948,ms 1948,"Gennemgang af en række nyere værker vedrørende forholdet mellem sprog, tanke og virkelighed (forelæsninger og eventuelt kollokvier 48I)",,,,,,,,
LH,1948,ms 1948a,Udtrykssystemet i moderne fransk,,,,,"1 A4-side, stencileret, rundsendt til LKs medlemmer forud for mødet om fransk udtrykssystem dec. 1948 eller febr. 1949. Jf. R. Jakobson: S.W. 1: 426n",,,
LH,1948,ms 1948b,Le système d’expression du français moderne (résumé),"Bulletin du Cercle Linguistique de Copenhague 1941-65, 8-31",,,"217-222, 223, 224",,,,
LH,1949,1949a,Rapport sur la question I [Existe-t-il des catégories qui soient communes à l’universalité des langues humaines?],"Actes du sixième congrès international des linguistes [19-24 August 1948, Paris]",Klincksieck, Paris,419-431,[Kraus Reprint 1975],Rapport,,
LH,1949,1949b,[Interventioner på fransk],"Actes du sixième congrès international des linguistes [19-24 August 1948, Paris]",Klincksieck, Paris,"234-235, 315-316, 474-478, 450 ",,,,
LH,1949,1949c,Rasmus Rask 1787-1832,Store danske personligheder. Fra Tycho Brahe til Niels Bohrs,"Berlingske, 2",København,174-185,,,,
LH,1949,1949d,Foreløbige undersøgelser over en sammenlignende sprogtypologi. [Resumé af en meddelelse i KDVS den 11/3-1949],"KDVS, 1948-1949",,,45-46,,,,
LH,1949,1949e,Alfabetets gåder [Forfatteren angivet som J. Hjelmslev],"Arkitekten, 51",,,"116, 135",,,,
LH,1949,ms 1949,Sentence analysis and syntax,"Bulletin du Cercle Linguistique de Copenhague 1941-65, 8-31",,,129-133,,,,
LH,1950,1950a,Rôle structural de l’ordre des mots,"Journal de psychologie normale et pathologique, 43",,,54-58,,,,
LH,1950,1950b,Semantikkens grundproblem. [Resumé af en meddelelse i KDVS den 284-1950],"KDVS, 1949-50",,, 50,Oversat i J.D. Johansen 1985: 582,,,
LH,1950,1950c,Sixième congrès international de linguistes. Paris 1948,"Acta Linguistica, 1945-49, 5",,, 56-60,,,,
LH,1950,1950d,Réponse à MM. Borgström et Frei,"Acta Linguistica, 1945-49, 5",,,62-63,[Om 1948c],,,
LH,1950,1950e,Det indo-europæiske grundsprog,"Translatøren, 12",,, 18-24,,,,
LH,1950,1950f,Langues de différents degrés [Resumé på tjekkisk af foredrag holdt i Lingvistkredsen i Prag den 19/5-1947],"Slovo a slovesnost, 12",,, 53,,,,
LH,1950,ms 1951,"Referat af møder i det glossematiske udvalg, efterårssemesteret 1950",,,,,Oversat til engelsk som 1970g,,Samme som 1970g,
LH,1950,1951a,Grundtræk af det danske udtrykssystem med særligt henblik på stødet. [Foredrag i Selskab for nordisk filologi den 23/11 og 30/11-1948], Selskab for nordisk filologi. Aarsberetning 1948-49-50,,,12-24,Engelsk oversættelse i 1973: 247-266,Grundtræk,,TCLC_14_3_7-tei.xml
LH,1951,1951b,Rapport sur l’activité du Cercle Linguistique de Copenhague 1931-1951,,Nordisk Sprog- og Kulturforlag,København,,,,,
LH,1951,1951c,Commentaires sur la vie et l’œuvre de Rasmus Rask,"Conférences de l’institut de linguistique de l’Université de Paris, 1950-51, 10",,,143-157,"Også i 1973: 3-16, og i Thomas A. Sebeok (red.): Portraits of Linguists. Bloomington 1966",Commentaires,,TCLC_14_1_1-tei.xml
LH,1951,ms 1951a,Propositions à la Conférence européenne de sémantique [Nice 26-31 mars 1951],,,,,"Resumé i Devoto 1951. Se også B.S.L., 47 (1): xxiii",,,
LH,1951,ms 1951b,"[Diskussionsindlæg på Den europæiske Semantikkonference, Nice 1951]","Actes de la Conférence européenne de sémantique (Nice, 26-31 mars 1951) organisée par M.E. Benveniste (Paris) avec la participation de MM. C.E. Bazell (Istambul), G. Devoto (Florence), J.R. Firth (Londres), H. Frei (Genève), L. Hjelmslev (Charlottenlund), J. Lotz (Colombia U. New York), A. Sommerfelt (Oslo), S. Ullmann (Glasgow)",Société de linguistique de Paris,Nice,,,,,
LH,1952,1952a,[Nekrolog på fransk] Giulio Bertoni,"Acta Linguistica, 1950-51, 6",,, 94-95,,Bertoni-obit,,
LH,1952,1952b,[Kronik]. Skal vor nordiske arv udleveres?,"Politiken, 8/12-1952",,,,"Det samme emne talte Hjelmslev om i Studenterforeningen i begyndelsen af 1953; han modsatte sig, at de islandske manuskripter skulle overdrages den islandske regering (Jan Kobbernagel: Studenterforeningens historie 1890-1980. København: Nyt nordisk forlag 1986, 3: 33)",,,
LH,1952,1953a,Prolegomena to a Theory of Language (oversat af Francis J. Whitfield),International Journal of American Linguistics. Memoir 7. Indiana University Publications,Indiana University Publications,Baltimore,,Oversættelse af 1943a/OSG. Indeholder en definitionsliste og et indeks. Angiver i margenen den danske udgaves paginering,PTL,140,
LH,1953,1953b,Sprogets indholdsform som samfundsfaktor,"Det Danske Magasin, 2",,, 1-7,Tale ved universitetets årsfest 26. november 1953; oversat i 1959: 89-95,Prorektortale,,TCLC_12_7-tei.xml
LH,1953,1953c,Principes de linguistique génétique,"KDVS, 1952-53",,,47,[Resumé på dansk af en meddelelse i KDVS den 27/2-1953],,,
LH,1954,1954a,La stratification du langage,"Word, 10",,,163-188,"Også i 1959: 36-68. I sin kopi af Word, s. 188, tilføjer LH selv ’admises’ i stedet for ’possibles’ i ”A la différence de l’usage, la norme doir être l’ensemble des relations interstratiques possibles”, jf. den tilsvarende passage i 1959: 67",Strat,,TCLC_12_4-tei.xml
LH,1954,1954b,Almindelig fonetik,Nordisk lærebog for talepædagoger (red.: N. Rh. Blegvad),Rosenkilde og Bagger,København,233-307,"Også som meget udbredt særtryk: Poul Andersen og LH: Fonetik. Københavns Universitets Fond til tilvejebringelse af læremidler, Rosenkilde og Bagger, 2. udg. 1961, 4. udg. 1967, med originalens paginering",,,
LH,1954,1954c,Menneskeracerne og sprogene,"Arv, race og kultur (red.: K. Birket-Smith et al.)",Reitzel,København,83-103,"To sider heraf er oversat i P. Christophersen: Pike and Hjelmslev and attitudes to language. Journal of Multilingual and Multicultural Development, 1986, 7: 519-522",,,
LH,1954,1954d,[Nekrolog på dansk fra KDVS den 12/3-1954] Holger Pedersen: 7. april 1867 – 25. oktober 1953,"KDVS, 1953-54",,, 97-115,,HP-nekr,,
LH,1954,1954e,[Nekrolog på dansk]. Holger Pedersen: 7. april 1867 – 25. oktober 1953,Festskrift udgivet af Københavns Universitet,,,95-106,Oversættelse i 1973: 29-39,,,TCLC_14_1_3-tei.xml
LH,1954,1954f,"[Kronik]. Nu kom den dansk-engelske ordbog. [Anmeldelse af H. Vinterberg og C.A. Bodelsen: Dansk-engelsk ordbog I, 1954]","Politiken, 8/10-1954",,,,,,,
LH,1956,1956a,Etudes de phonétique dialectale dans le domaine letto-litaunien,"Scando-Slavica, 2",,,62-86,,,,
LH,1956,1956b,Om numerus og genus,Festskrift til Christen Møller på 70-årsdagen 11 juni 1956 (red.: L.L. Hammerich et al.),Borgen,København,167-190,Genoptager idéerne fra 1934a. Chr. Møller er netop tilhører ved forelæsningerne i 1934,,,
LH,1956,1956c,"Animé et inanimé, personnel et non-personnel","Travaux de l’institut de linguistique, 1",,,155-199,Også i 1959: 211-249,Anim,,TCLC_12_15-tei.xml
LH,1956,1956d,Sur l’indépendance de l’épithète,"Kongelige Danske Videnskabernes Selskab. Historisk-Filologiske Meddelelser, 36 (5)",,,16,"Også i 1959: 199-210. Denne artikel, der er tilegnet Roman Jakobson, skulle være udkommet i For Roman Jakobson, 1956",Indépendance,,TCLC_12_14-tei.xml
LH,1946,1956e,[Interventioner på engelsk],"Proceedings of the Seventh International Congress of Linguists [London, 1-6 September 1952]",Titus Wilson & Son,London,427-429,,,,
LH,1956,1956f,"De opgav ikke. [Om H. Vinterberg og C.A. Bodelsen: Dansk-engelsk ordbog II, 1956]"," Politiken, 27/11-1956",,,,,,,
LH,1957,1957a,Dans quelle mesure les significations des mots peuvent-elles être considérées comme formant une structure?,"Reports for the Eighth International Congress of Linguists [Oslo, 5-9 August 1957]",Oslo U.P.,Oslo,268-286,"Også i Proceedings of the Eighth International Congress of Linguists. Oslo: Oslo U.P., 1958 [Kraus Reprint 1972],636-54. Også i 1959: 96-112, titled ’Sémantique structurale’. Dansk oversættelse i Almen semiotik, 1991, 4: 8-25",Rapport OSLO,,TCLC_12_8-tei.xml
LH,1957,1957b,[Resumé på dansk af et arbejde præsenteret i KDVS den 15. februar 1957]. Etudes ougriennes: I. Théme et suffixation. II. Le système de l’expression,"KDVS, 1956-57",,,51,,,,
LH,1957,1957c,Preface. LH & H.J. Uldall: Outline of Glossematics. A Study in the Methodology of the Humanities with special Reference to Linguistics. Part I: General Theory by H.J. Uldall,"Travaux du Cercle Linguistique de Copenhague, 10 (1)",,,,På nær forordet er denne første del udelukkende skrevet af H.J. Uldall. En anden del findes ikke. Genudgivelse i 1967,Outline,86,TCLC_10_1-tei.xml
LH,1957,1957d,[Tale på fransk],Acta Congressus Madvigiani. Proceedings of the Second International Congress of Classical Studies. Actes du Deuxième Congrès International des Etudes Classiques [København 1954]. 1. General Part,Munksgaard,København,31-33,,,,
LH,1957,1957e,"Introduction à la discussion générale des problèmes relatifs à la phonologie des langues mortes, en l’espèce du grec et du latin",Acta Congressus Madvigiani. Proceedings of the Second International Congress of Classical Studies. Actes du Deuxième Congrès International des Etudes Classiques [København 1954]. 1. General Part,,,101-113,Også i 1973: 267-278,,,TCLC_14_3_8-tei.xml
LH,1957,1957f,Préface [sammen med C. Høeg],The Classical Pattern of Modern Western Civilisation: Language,Nordisk Sprog- og Kulturforlag,København,3-4,,,,
LH,1958,1958a,[Interventioner på fransk],Proceedings of the Eighth International Congress of Linguists,Oslo U.P.,Oslo,"143-144, 196-197, 666-669, 704",,,,
LH,1958,1958b,Vote to Thanks,Proceedings of the Eighth International Congress of Linguists,Oslo U.P.,Oslo,595-597,,,,
LH,1958,1958c,Essai d’une critique de la méthode dite glotto-chronologique,"Proceedings of the Thirty-Second International Congress of Americanists [København, 8.-14. august 1956]",Munksgaard,København,658-666,,,,
LH,1958,ms 1958,[Om H.J. Uldall 1957],"Bulletin du Cercle Linguistique de Copenhague 1941-65, 8-31",,,"76-77, 78",,,,
LH,1959,1959a,Essais linguistiques,Travaux du Cercle Linguistique de Copenhague 12,Nordisk Sprog- og Kulturforlag,Copenhagen,,"Indeholder, udover en ’Préface de l’auteur’ og en bibliografi, 15 artikler, nemlig 1937b, 1937e, 1938a, 1939e, 1939f, 1939i, 1943b, 1948a, 1948b, 1948c, 1953b, 1954a, 1956c, 1956d og 1957a. Genudgivelse i 1970",Essais I,,"TCLC_12_0-tei.xml, TCLC_12_1-tei.xml, TCLC_12_2-tei.xml, TCLC_12_3-tei.xml, TCLC_12_4-tei.xml, TCLC_12_5-tei.xml, TCLC_12_6-tei.xml, TCLC_12_7-tei.xml, TCLC_12_8-tei.xml, TCLC_12_9-tei.xml, TCLC_12_10-tei.xml, TCLC_12_11-tei.xml, TCLC_12_12-tei.xml, TCLC_12_13-tei.xml, TCLC_12_14-tei.xml, TCLC_12_15-tei.xml, TCLC_12_16-tei.xml"
LH,1959,1959b,Essais Linguistiques,,Minuit,Paris,,"anden udgivelse 1971 (med François Rastiers forord, genoptryk 1988) indeholder de samme artikler (artiklerne på engelsk er oversat til fransk), men pagineringen er ikke den samme",,,
LH,1960,ms 1960,Address,,,,,"Delivered at the University of Copenhagen on the occasion of the award of the Sonning Prize to Bertrand Russell 19 April, 1960",,,
LH,1961,1961a,Prolegomena to a Theory of Language,,The University of Wisconsin Press,Madison,,"(oversat af Francis J. Whitfield). Revideret engelsk udgave. “This second, revised edition incorporates several minor corrections and changes that have suggested themselves in the course of discussions between the author and the translator” (Preface, signed L.Hj. and F.J.W.). Har ikke samme paginering som PTL 1953. Angiver de modsvarende OSG-sider i margenen. Genudgivelse 1963.",PTL 2nd ed,140,
LH,1961,1961b,Some Reflexions on Practice and Theory in Structural Semantics,Language and Society. Essays presented to Arthur M. Jensen on his Seventieth Birthday,Det Berlingske Bogtrykkeri,København,55-63,,,,
LH,1961,ms 1961,Glossematics and contemporary linguistic theory,,,,,"[Forelæsninger på Department of Germanic Languages, University of Texas, Austin, Febr. 1961. Dupl.]",,,
LH,1963,1963,Sproget. En introduktion,,Berlingske Leksikon Bibliotek,København,,"Anden udgave i 1973 desuden med slutkapitlet ’Sproggrader’, København: Berlingske, 141 s. Ordlisten er ikke Hjelmslevs. Genudgivelse i 1984 (København: Museum Tusculanum), med samme paginering som udgaven fra 1973",Sproget,100,
LH,1970,1970m,Language,,Univ. of Wisconsin Press,Madison,,,,,
LH,1963,1966,Langage,,Minuit ,Paris,,,,100,
LH,1964,1964,[Min livsanskuelse],,Reitzel,København,43-46,,,,
LH,1970,1970a,"[Réponse, 2/5-1944]","Bulletin du Cercle Linguistique de Copenhague. Choix de communications et d’interventions au débat lors des séances tenues entre septembre 1941 et mai 1965, 1941-1965, 8-31",Akademisk forlag,København,71-74,,,,
LH,1970,1970b,"[La théorie du langage, 23/4-1942]","Bulletin du Cercle Linguistique de Copenhague. Choix de communications et d’interventions au débat lors des séances tenues entre septembre 1941 et mai 1965, 1941-1965, 8-31",Akademisk forlag,København,96-99,,,,
LH,1970,1970c,"[Language and System, 19/9-1946]","Bulletin du Cercle Linguistique de Copenhague. Choix de communications et d’interventions au débat lors des séances tenues entre septembre 1941 et mai 1965, 1941-1965, 8-31",Akademisk forlag,København,101-102,,,,
LH,1970,1970d,"[Classification of the Variants and Description of the Substance of the Categories, 16/11-1954]","Bulletin du Cercle Linguistique de Copenhague. Choix de communications et d’interventions au débat lors des séances tenues entre septembre 1941 et mai 1965, 1941-1965, 8-31",Akademisk forlag,København,102,,,,
LH,1970,1970e,"[The Problem of Case, 10/5-1950]","Bulletin du Cercle Linguistique de Copenhague. Choix de communications et d’interventions au débat lors des séances tenues entre septembre 1941 et mai 1965, 1941-1965, 8-31",Akademisk forlag,København,109,,,,
LH,1970,1970f,"[Nombre et genre dans les langues sans différenciation complète des genres, 28/3-1946]","Bulletin du Cercle Linguistique de Copenhague. Choix de communications et d’interventions au débat lors des séances tenues entre septembre 1941 et mai 1965, 1941-1965, 8-31",Akademisk forlag,København,110,,,,
LH,1970,1970g,"[The Status of Relative Clauses in Sentence Analysis, 7/11-1950]","Bulletin du Cercle Linguistique de Copenhague. Choix de communications et d’interventions au débat lors des séances tenues entre septembre 1941 et mai 1965, 1941-1965, 8-31",Akademisk forlag,København,137-153,Jf. ms 1950,,Samme som ms 1950,
LH,1970,1970h,"[Sentence Analysis: Emphasis and Catalysis, 13/2-1951]","Bulletin du Cercle Linguistique de Copenhague. Choix de communications et d’interventions au débat lors des séances tenues entre septembre 1941 et mai 1965, 1941-1965, 8-31",Akademisk forlag,København,153-161,,,,
LH,1970,1970i,"[Categories, Paradigms, Government, 17/4-1951]","Bulletin du Cercle Linguistique de Copenhague. Choix de communications et d’interventions au débat lors des séances tenues entre septembre 1941 et mai 1965, 1941-1965, 8-31",Akademisk forlag,København,168-171,,,,
LH,1970,1970j,"[Base et caractéristique, verbe et phrase nominale, 5/9-1946]","Bulletin du Cercle Linguistique de Copenhague. Choix de communications et d’interventions au débat lors des séances tenues entre septembre 1941 et mai 1965, 1941-1965, 8-31",Akademisk forlag,København,172,,,,
LH,1970,1970k,"[Studies in the Structure of the Junction, 8/9-1956]","Bulletin du Cercle Linguistique de Copenhague. Choix de communications et d’interventions au débat lors des séances tenues entre septembre 1941 et mai 1965, 1941-1965, 8-31",Akademisk forlag,København,172,,,,
LH,1970,1970l,[Interventions et observations],"Bulletin du Cercle Linguistique de Copenhague. Choix de communications et d’interventions au débat lors des séances tenues entre septembre 1941 et mai 1965, 1941-1965, 8-31",Akademisk forlag,København,"103-04, 162, 163, 164, 165, 173, 208, 213",,,,
LH,1972,1972,Sprogsystem og sprogforandring,Travaux du Cercle Linguistique de Copenhague 15,"Naturmetodens sproginstitut, Nordisk Sprog- og Kulturforlag", København,,Også anført som 1934a,,111,TCLC_15-tei.xml
LH,1973,1973,Essais linguistiques II,Travaux du Cercle Linguistique de Copenhague 14,Nordisk Sprog- og Kulturforlag,København,,"Indeholder 16 artikler: 1933a, 1936e, 1937a, 1937d, 1937f, 1938b, 1939a, 1939d, 1941c, 1942b, 1944d, 1947a, 1951a, 1951c, 1954e, 1957e",Essais II,,"TCLC_14_0-tei.xml, TCLC_14_1_1-tei.xml, TCLC_14_1_2-tei.xml, TCLC_14_1_3-tei.xml, TCLC_14_1_4-tei.xml, TCLC_14_2_1-tei.xml, TCLC_14_2_2-tei.xml, TCLC_14_2_3-tei.xml, TCLC_14_2_4-tei.xml, TCLC_14_3_1-tei.xml, TCLC_14_3_2-tei.xml, TCLC_14_3_3-tei.xml, TCLC_14_3_4-tei.xml, TCLC_14_3_5-tei.xml, TCLC_14_3_6-tei.xml, TCLC_14_3_7-tei.xml, TCLC_14_3_8-tei.xml, TCLC_14_4-tei.xml "
LH,1975,1975a,Résumé of a theory of language,Travaux du Cercle Linguistique de Copenhague 16,Nordisk Sprog- og Kulturforlag,København,,"Redigeret og oversat med en introduktion af Francis J. Whitfield. 280 s. Oversættelse af ms 1943d/SR. Også trykt som bog med samme paginering, Madison: University of Wisconsin Press 1976, xxxi-280 s",Résumé 1975,,TCLC_16-tei.xml
LH,1975,1975b,Skicë e grammatikës së shqipes,"Studime filologjike, 29 (1)",,,129-142,"Albansk oversættelse af 1975c, 1975d",,,
LH,1975,1975c,Albanian Skeleton Grammar,"Studime filologjike, 29 (1)",,,143-154,,,,
LH,1975,1975d,Albanian Skeleton Grammar,"Studia albanica, 12 (2)",,,139-156,,,,
LH,1975,1976,Sistema lingüístico y cambio lingüístico,,Gredos,Madrid,,,,,
LH,1978,1978,L. Hjelmslevo lietuviški laiškai,"Kalbotyra, 29 (1)",,,108-122,Indeholder breve fra 1921 og 1924 på litauisk,,,
LH,1981,1981,[Brev til André Martinet 18/7-1946],Nouveaux essais,P.U.F.,Paris,195-207,Mange førudgivelser i Frankrig,,,