Startdato;Slutdato;Land;Sted = By / Landområde;Institution;Kategori;Event / Begivenhed;Event-beskrivelse;Personer;Kilde
03-10-1899;;Danmark;København;;L;Fødsel;;;
04-10-1914;;Danmark;København;Hellerup Kirke;L;Konfirmation;;;K12 - 108
10-07-1917;;Danmark;København;Hellerup Gymnasium;L;Studentereksamen, nysproglig-linje;;;K12 - 119
01-09-1917;;Danmark;København;Københavns Universitet;L;Indskrivning;;;K12 - 104
27-05-1918;;Danmark;København;Københavns Universitet;L;Den almindelige filosofiske prøve;;;K12 - 132
1919-;;Danmark;København;Københavns Universitet;L;Guldmedalje for prisopgave i klassisk filologi ;;;K12 - 231
30-03-1921;;Danmark;København;Klub??;F;Foredrag;Bidrag til en fastsættelse af den religiøse etiks relative værdi, paa grundlag af en sammenligning mellem buddhisme og kristianisme;;K91 - 45ff
09-11-1921;;Danmark;København;Studentersamfundet;F;Foredrag;Kulturens disharmonier;;K91 - 110ff
1921 - August;;Litauen;;;;;;;
1921-22;;Danmark;København;Klubben og Studentersamfundet;F;Foredrag;Kritiske bemærkninger om videnskab og logik;;K91 - 134ff
31-03-1922;;Danmark;København;;L;Medunderskriver på oplæg fra Studenter-Samfundets Unge;;;K154 - 9-10
06-04-1922;;Danmark;København;;L;Medunderskriver på oplæg fra Studenter-Samfundets Unges metoder;;;K154 - 11
06-12-1922;;Danmark;København;Studentersamfundet;F;Foredrag;Religiøs etik i buddhisme og kristianisme;;K91 - 45ff
27-10-1923;;Danmark;København;Universitetet;L;Magisterkonferens i Sammenlignende Sprogvidenskab;;;K12 - 114
11-11-1923;28-07-1924;Tjekkoslovakiet;;;R;Studieophold;;;K50 - 2, 1-19
11-11-1923;31-05-1924;Tjekkoslovakiet;Prag;Karls Universitet + Tysk Universitet;Del af Rejse;Studier;;;K50 - 4
01-06-1924;11-07-1924;Tjekkoslovakiet, Mæhren, Bøhmen;Brno, Hradec Králové;;Del af Rejse;;;;K50 - 4
1924-;;Danmark;København;Hellerupgaard Gymnasium;U;Vikariat i latin og engelsk;;;K12 -134
04-02-1925;;Danmark;København;Studentersamfundet;F;Foredrag;Danske studenterforhold i europæisk perspektiv;;K91 - 359ff
02-05-1925;;Danmark;;;L;Tjenesteudygtighedspas;;;
13-05-1925;;Danmark;København;Det filologisk-historiske samfund;F;Foredrag;Kaukasisk problemer;;K91 - 419f, 536
18-05-1925;;Danmark;København;Østre Borgerdydskole;L;Prøve i praktisk undervisningsfærdighed (engelsk og græsk);;;K12 - 128
13-06-1925;;Danmark;København;;L;Bestået prøve i teoretisk pædagogik & skolehygiejne;;;K12 - 126
??-01-1926;??-10?-1926;Frankrig;Paris;Folkeforbundet;L;Attaché ved Institut international de coopération intellectuelle ;;;K 45-F16f18-K154-20
28-03-1928;;Danmark;København;Det filologisk-historiske samfund;F;Foredrag;Den grammatiske videnskab i Sovjetrusland;;K91 - 603f
10-04-1928;15-04-1928;Holland;Haag;Premier Congrès International de Linguistes;N;Deltagelse uden oplæg;;;K68 - 1f.
07-11-1928;;Danmark;København;Selskab for Nordisk Filologi;F;;Pronominalsystemet i de nordiske sprog;;K12 - 240
1929-;;Tyskland;Leipzig;Baltiske Seminar;R;Studier;;;
1929-;;Tyskland;Leipzig;Seminaret for sammenlignende sprogvidenskab;R;Studier;;Junker;selvbeskrivelse+K63-27
09-04-1930;;Danmark;København;Det filologisk-historiske samfund;F;;Ordet og dets bestanddele. Bedømmelse af en prisafhandling;;K102-281
25-08-1931;29-08-1931;Schweiz;Genève;Seconde Congrès International de Linguistes ;N;Deltagelse uden oplæg;;;K70 - 1f
24-09-1931;;Danmark;København;Lingvistkredsen;N;Séance constitutive;;;
08-10-1931;;Danmark;København;Lingvistkredsen;F;Oplæg;Rapport sur le IIe Congrès international de linguistes (Genève 1931);;
29-10-1931;;Danmark;København;Lingvistkredsen;F;Oplæg;La méthode immanente en linguistique;;
29-10-1931;;Danmark;København;Lingvistkredsen;F;Oplæg;Compte rendu de N. Trubetzkoy: Zur allgemeinen Theorie der phonologischen Vokalsysteme, 1929;;
18-11-1931;;Danmark;København;Dansk-lettisk forening;F;Foredrag;Letternes sprog og folkelige digtning;;K102 - 614f
26-11-1931;;Danmark;København;Lingvistkredsen;F;Oplæg;Compte rendu de A. Meillet: Essai de chronologie des langues indo-européennes, 1931;;
17-03-1932;;Danmark;København;Københavns Universitet;L;Disputatsforsvar;Dr.phil;;
23-04-1932;;Danmark;København;Københavns Universitet;L;Bevis;Dr.phil;;
26-05-1932;;Danmark;København;Lingvistkredsen;F;Oplæg;Compte rendu de travaux de S. Karcevski;;
19-08-1932;;Sverige;Lund;7. Nordiske Filologmøde;F;Oplæg;Opfattelsen af sprogslægtskab fra Rasmus Rask til vore dage;;K132 - 241
03-10-1932;??-11-1932;Danmark;København;Københavns Universitet;F;6 forelæsninger;Karakteristik af Rasmus Rask;;K132 - 63, 70-71, 109(plan)
13-11-1932;;Danmark;Brendekilde, Fyn: Rasks fødested;;F;Foredrag;Rasmus Rask;;K142 - 28
14-11-1932;;Danmark;København;Københavns Universitet og Statsradiofonien;F;;Rasmus Rask;;K142 - 33
08-12-1932;;Danmark;København;Lingvistkredsen;F;Oplæg /Meddelelse;Les verbes indo-européens en –mi;;
16-02-1933;;Danmark;København;Selskab for filosofi og psykologi;F;Foredrag;Sprogvidenskabens betydning for tænkningens teori;;K102-637
06-04-1933;;Danmark;København;Selskab for Nordisk Filologi;F;;Grundlaget for dansk grammatik;;K142 - 1ff.
27-04-1933;;Danmark;København;Lingvistkredsen;F;;Structure générale des systèmes grammaticaux;;
18-05-1933;;Danmark;København;Lingvistkredsen;F;;Recherches provisoires sur les cas;;
01-08-1934;;Danmark;Aarhus;Aarhus Universitet;L;Ansættelse som docent;;;K63 - 29
18-09-1934;;Danmark;Aarhus;Aarhus Universitet;U;Påbegyndelse af forelæsninger;Sprogsystem og Sprogforandring;;K155 - 103
26-02-1935;;Danmark;Aarhus;Humanistisk Samfund;F;Foredrag;Rasmus Rasks stilling i sprogvidenskabens historie;;K132 - 64
10-05-1935;20-09-1935;England, Wales, Irland;;;R;Rejse;;;K50 - 827ff, rejseplan 863-64
11-05-1935;;England;Leeds;Leeds University;Del af Rejse;Ankomst;;;K50 - 829, K142 - 351ff
13-05-1935;14-05-1935;England;Leeds;Leeds University;F;Gæsteforelæsninger;Introduction to Phonematics;;
15-05-1935;;England;Leeds;Leeds University;F;Uformelt foredrag;The (Semantic) System of grammatical inflexions;;K50 - 829, K4 - næsten sidst
14-05-1935;19-05-1935;England;Overnatning i Leeds??;;Del af R;;;;
18-05-1935;;England;York;;Del af R;;;;
19-05-1935;25-05-1935;England;London;;Del af R;;;;
25-05-1935;26-05-1935;England;Oxford;;Del af R;;;;
06-06-1935;14-06-1935;England;Hereford;;Del af R;;;;K50 - 890
14-06-1935;09-07-1935;England;London;;Del af R;;;;
09-07-1935;20-07-1935;Wales (South Wales);Llandyssul;;Del af R;Feltstudier;;;K30 - 211
20-07-1935;26-07-1935;England;London;;Del af R;;;;
22-07-1935;26-07-1935;England;London;Second International Congress of Phonetic Sciences;N;Oplæg og deltagelse i generalforsamlinger i …..;;;
22-07-1935;;;;Second International Congress of Phonetic Sciences;F;Oplæg i Joint Session med Internationale Phonologische Arbeitsgemeinscahft;On the Principles of Phonematics;;K142 - 283ff
(22)26-07-1935;22-08-1935;Wales (North Wales);Criccieth;;Del af R;Feltstudier;;Sammen med Alan Ross;K30 - 211, 257f
22-08-1935;25-08-1935;Irland;Dublin;;Del af R;;;;K30 - 281-82
25-08-1935;14-09-1935;Irland;Aran Islands , ved Galway;;Del af R;Feltstudier;;;K30 - 278, 281-82, 290
14-09-1935;20-09-1935;Irland, England, Danmark;Rejsen hjem via Dublin, Holyhead, London, Esbjerg;;Del af Rejse;;;;K30 - 290
26-09-1935;;Danmark;København;Selskab for Nordisk Filologi;F;;Synspunkter for dansk fonetik;;K 142 - 415ff
07-10-1935;;Danmark;Aarhus;Humanistisk Samfund;F;;Forelæggelse af Catégorie des Cas;;K 97 - 255
23-04-1936;;Danmark;;Danmarks Radio;F;Radioforedrag;Sprog og tanke;;K 143 - 143
27-08-1936;01-09-1936;Danmark;København;Quatrième Congrès International de Linguistes;N;Oplæg og deltagelse;;;K70 - 1f
31-08-1936;;Danmark;København;Quatrième Congrès International de Linguistes;F;Oplæg;Essai d'une théorie des morphèmes;;K99 - 221
24-09-1936;;Danmark;København;Dansk selskab for oldtids- og middelalderforskning;F;Foredrag;Sprogvidenskabelig rekonstruktion;;K143 - 262ff
1937-2507 - 1937-3107;;;;;;;;;K68 - 36, 38
1937-3107 - 1937-06.08;;;;;;;;;K68 - …
01-09-1937;;Danmark;København;Københavns Universitet;L;Ansættelse som Professor i sammenlignende sprogvidenskab;;;K115 - 16, K12 - 137
30-09-1937;;Danmark;København;Lingvistkredsen;F;Foredrag;Forme et substance linguistiques;;
19-10-1937;31-10-1937;Tjekkoslovakiet;;;R;;;;K50
22-10-1937;;Tjekkoslovakiet;Prag;Institut Scandinave et Néerlandais;F;Foredrag på tjekkisk;Rasmus Rask, hans levned og virke;;
25-10-1937;;Tjekkoslovakiet;Prag;Cercle linguistique de Prague;F;Foredrag;Forme et substance linguistiques;;
26-10-1937;;Tjekkoslovakiet;Prag;Cercle linguistique de Prague;N;Deltager i møde, herunder diskussion om Kasuskategorien;Om Kasuskategorien, indledning ved V. Skalička;;
28-10-1937;30-10-1937;Tjekkoslovakiet;Brno;;N;Samtaler med Roman Jakobson;Emne, bl.a: Acta Linguistica, Revue internationale de linguistique  structurale;Roman Jakobson;K50
04-11-1937;;Danmark;København;Lingvistkredsen;F;Forme et substance linguistiques (Suite);;;
22-11-1937;;Danmark;København;Statsradiofonien;F;Foredrag;Den danske sprogforsker Rasmus Rask;;K117 - 233
25-11-1937;;Danmark;København;Lingvistkredsen;F;Oplæg sammen med W. Thalbitzer;L'hypothèse de C.C. Uhlenbeck sur les rapports entre l'eskimo et l'indo-européen;;
15-12-1937;;Danmark;Aarhus;Humanistisk Samfund;F;Foredrag;Sproglig form og substans;;
1938-39;;Rejser til fonetiske institutter, K62;;;R;;;;K143 - 198
20-04-1938;26-04-1938;Tyskland;Berlin;Kaiser Wilhelm-Instituttet für Hirnforschung, ledet af Eberhard Zwirner;N;;Deutsches Spracharchiv;Eberhard Zwirner, …;K62 - 247-48
;;Tyskland;Berlin;Berlins Universitet;N;;Institut für Lautforschung (ledet af D. Westermann);;
1938-27?/28?04;;Tyskland;Berlin;Deutschen Gesellschaft für Phonetik;F;Foredrag;Über die Beziehungen der Phonetik zur Sprachwissenschaft;;K135 - 334ff., 347
17-07-1938;23-07-1938;Rejse til Belgien;;;N;;Institut für Lautforschung, notits (ledet af D. Westermann);;
18-07-1938;22-07-1938;Belgien;Gent;Third International Congress of Phonetic Sciences;N;Deltagelse;;;
20-07-1938;;Belgien;Gent;Third International Congress of Phonetic Sciences ;F;Oplæg;The Syllable as a Structural Unit;;
31-07-1938;06-08-1938;Danmark;København;Deuxième Congrès International des Sciences Anthropologiques et Ethnologiques;N;Deltagelse;;;K71 - …
1938-xxxx;;Danmark;København;Deuxième Congrès International des Sciences Anthropologiques et Ethnologiques;F;Oplæg;Caractères grammaticaux des langues creòles; ;K135 - 265
30-09-1938;;Danmark;København;Lingvistkredsen;F;Oplæg;Rapport sur le IIIe  Congrès des sciences phonétiques (Gand 1938);;
09-11-1938;;Danmark;København;Det filologisk-historiske samfund;F;Foredrag;Nye bidrag til Rasmus Rasks levned;;K132 - 93
1939-januar??;;Frankrig;Paris;;;;;;K143 - 341
27-01-1939;03-02-1939;Norge;Oslo;Det kongelige Frederiks Universitet;N;Besøg Fonetisk Laboratorium ;;Selmer;K62 - 249 (afrejse KBH. 2601?)
31-01-1939;;Norge;Oslo;Det kongelige Frederiks Universitet;F;Foredrag;Den danske sprogforsker Rasmus Rask. Nye bidrag til hans levned;;K132 - 72-92
16-02-1939;;Danmark;København;Lingvistkredsen;F;Oplæg;Phonétique expérimentale;;
16-05-1940;;Danmark;København;Lingvistkredsen;F;Oplæg;Connectif et «voyelle thématique» en hongrois ;;
28-09-1940;;Danmark;Kolding;;F;Foredrag;Sprogvidenskaben;;K65 - 132ff, K136 - 1
28-09-1940;02-10-1940;Danmark;Kolding & Aarhus;;R;;;;
30-09-1940;;Danmark;Aarhus;Aarhus Universitet;F;Forelæsning;Det finske sprogs bygning;;K155 - 138, K139 - 63-64
01-10-1940;;Danmark;Aarhus;Aarhus Universitet;F;Forelæsning??;Det finske sprogs bygning;;
12-12-1940;;Danmark;København;Lingvistkredsen;F;Oplæg;Compte rendu d’articles parus dans les Travaux du Cercle linguistique de Prague, vol. VIII, 1939;;
06-03-1941;;Danmark;København;Lingvistkredsen;F;Oplæg;Compte rendu de Louis H. Gray: Foundations of Language, 1939;;
06-03-1941;;Danmark;København;Lingvistkredsen;F;Oplæg;Compte rendu de J. Lotz: Das ungarische Sprachsystem, 1939;;
17-04-1941;;Danmark;København;Lingvistkredsen;F;Oplæg;Notule sur les degrés de comparaison;;
01-05-1941;;Danmark;København;Lingvistkredsen;F;Oplæg;Discussion relative à Notule sur les degrés de comparaison;;
24-09-1941;;Danmark;København;Lingvistkredsen;F;Oplæg;Causerie linguistique (Contours d’une théorie du langage);;
25-01-1942;;Danmark;København;Statsradiofonien;F;Foredrag;Vilhelm Thomsen;;K133 - 115ff
07-05-1942;;Danmark;København;Lingvistkredsen;F;Oplæg;Compte rendu de L. Michel : Les ensembles sémiologiques dans la linguistique française;;
09-10-1942;;Danmark;København;Alliance Française;F;Foredrag;La linguistique française et sa place dans la science internationale;;K133 - 284-86
19-10-1942;;Danmark;København;Engelsklærerforeningen;F;Foredrag;Engelsk og almen grammatik;;K133 - 93
16-11-1942;05-12-1942;Danmark;København;Dansk Missionsselskab;U;Kursus;Almen fonetik;;K144 - 78
15-03-1943;;Danmark;København;Statsradiofonien;F;Foredrag i serien Danmark og verdenskulturen;Sproget;;K133 - 134ff
01-04-1943;;Danmark;København;Lingvistkredsen;F;Oplæg;Compte rendu de A. Sommerfelt: La langue et la société, 1938;;
01-04-1943;;Danmark;København;Lingvistkredsen;F;Oplæg;Compte rendu de Ed. Hermann: Probleme der Frage, 1942;;
01-04-1943;;Danmark;København;Lingvistkredsen;F;Oplæg;Compte rendu de Laziczius Gy.: Általános nyelvészet, 1942;;
14-04-1943;;Danmark;København;Det filologisk-historiske samfund;F;Foredrag;Nogle iagttagelser i østersøområdet til belysning af sprogforbundsteorien;;K133 - 368ff
15-04-1943;;Danmark;København;Lingvistkredsen;F;Oplæg;Suite de la discussion sur H. Vogt: The Structure of the Norwegian Monosyllables, 1942;;
04-05-1943;;Danmark;København;Selskab for Nordisk Filologi;F;Foredrag;Sprogbygning og sprogbrug;;K133 - 383ff
11-05-1943;;Danmark;København;Selskabet for filosofi og psykologi;F;Foredrag;Objektsprog, metasprog og ikkesprog;;K133 - 287
13-05-1943;;Danmark;København;Lingvistkredsen;F;Oplæg;Comptes rendus de travaux de L. Novák: Základná jednotka gramatického systému a  jazyková typologia, 1936 – Quelques remarques sur le système phonologique  hongrois, 1936-37 – K základným otázkam štrukturálnej jazykovedy, 1937 – Projet  d’une nouvelle définition du phonème, 1939;;
13-05-1943;;Danmark;København;Lingvistkredsen;F;Oplæg;Compte rendu de J. Vachek: Zum Problem der geschriebenen Sprache, 1939;;
09-03-1944;;Danmark;København;Lingvistkredsen;F;Oplæg;Compte rendu de J. Kuryłowicz: Struktura morfemu, 1938;;
30-11-1944;;Danmark;København;Lingvistkredsen;F;Oplæg;Hjelmslev présente TCLC 2 & 3, 1944;;
08-03-1945;;Danmark;København;Lingvistkredsen;F;Oplæg;Hjelmslev présente AL3, 2-3, 1940-43;;
13-04-1945;;Danmark;København;Dansk selskab for oldtids- og middelalderforskning;F;Foredrag;Om muligheden af strukturelle metoder i de historiske videnskaber;;K134 - 360
21-04-1945;;Danmark;København;Litteraturvidenskabelig studiekreds;F;Foredrag;Problemet om humanismens teori;;K134 - 396
1945-oktober??;;Danmark;Aarhus;Aarhus Universitet;F;To forelæsninger;Sprogbygning;;K139
24-10-1945;;Danmark;København;Lingvistkredsen;F;Oplæg;Compte rendu de E. Buyssens: Les langages et le discours, 1943;;
24-01-1946;26-01-1946;Danmark;København;Nordistmøde;N;;;;K68 - ??
23-02-1946;04-03-1946;Sverige;Stockholm, Uppsala;;R;;;;K51 - 236
ca. 10-03-1946;17-03-1946;Norge;Oslo;;R;;;;K51 - 236 (ansøgn.), 224 (bekræftelse)
28-03-1946;;Danmark;København;Lingvistkredsen;F;Oplæg;Nombre et genre dans les langues sans différenciation complète des genres;;
12-04-1946;;Danmark;København;Videnskabernes Selskab;L;Medlem;;;K12 - 140
05-09-1946;;Danmark;København;Lingvistkredsen;F;Oplæg;Base et caractéristique, verbe et phrase nominale;;
19-09-1946;;Danmark;København;Lingvistkredsen;F;Oplæg;Language and System;;
12-10-1946;16-10-1946;Sverige;Stockholm;;R;;;;
14-10-1946;15-10-1946;Sverige;Stockholm;Nordiska Språkkonferensen;N;Deltagelse;;;K51 - 440
15-10-1946;;Sverige;Stockholm;Nordiska Språkkonferensen;F;Oplæg;Semantikens grundproblem;;K134 - 410
01-11-1946;;Danmark;København;Videnskabernes Selskab ??;F;Foredrag;Langue et système / Sprog og system (minde om Kořinek);;K 134 - 149, 134
07-11-1946;;Danmark;København;Lingvistkredsen;F;Oplæg;Apport de l’école genevoise à la linguistique (A l’occasion du décès d’Albert Sechehaye et de la nouvelle édition du chef-d’œuvre de Ch. Bally);;
13-11-1946;;Danmark;København;Det filologisk-historiske samfund;F;Foredrag;Semantikens problem;;K 134 - 410
14-11-1946;26-11-1946;Frankrig;Paris;;R;;;;K51 - 179 (plan)
16-11-1946;;Frankrig;Paris;Invitation fra (møde med?) Benveniste;N?;;;;
18-11-1946;20-11-1946;Frankrig;Paris;;N;CIPL-møde;;;K51 - 190, K46 - 582, 572
01-02-1947;22-02-1947;England;London (Cambridge);;N;;;Mødes med bl.a. Jones, First, Gardiner, (Ogden?);K51 - 192ff, 201, 208
03-02-1947;;England;London;University of London;F;Forelæsning 1;;;
04-02-1947;;England;London;University of London;F;Forelæsning 2;;;
06-02-1947;;England;London;University of London;F;Forelæsning 3;;;
07-02-1947;;England;London;Philological Society;F;Forelæsning (lecture);Static and Evolutionary Aspects of Language;Afbud fra Jones;K134 - 451, 454, K51 - 217
12-02-1947;;England;London;;N;Møde;;Alan Gardiner;K51 - 199
??-??-1947;;England;Cambridge;;?;;;;
27-03-1947;;Danmark;København;Lingvistkredsen;F;Oplæg;Courants actuels de la linguistique aux Etats-Unis;;
12-05-1947;07-06-1947;Tjekkoslovakiet;;;R;;;;K51 - 134 (plan), 150, 324-331 (rapport), 240-310,
12-05-1947;;Tjekkoslovakiet;Prag;;N;Middag (incl. møde, bl.a. om dansk lektor);;Middag med Havránek, Skalička, Trnka;K51
13-05-1947;;Tjekkoslovakiet;Prag;;N;Møde;;Møde med Trnka (leder af CLP), også om dansk lektor, 14.05-15.05.-16.05.;
17-05-1947;;Tjekkoslovakiet;Prag;;N;Møde;Emne: International konference april/juni i Prag ;Havránek, Skalička, Mukařovský;K51 - 245
19-05-1947;;Tjekkoslovakiet;Prag;Tjekkiske Videnskabelige Akademi;N;Uddeling af forskermedalje;;;
20-05-1947;;Tjekkoslovakiet;Prag;Cercle linguistique de Prague;F;Oplæg ;Langues de différents degrés;;K51 - 247
21-05-1947;;Tjekkoslovakiet;Brno;;Del af Rejse;Ankomst;;;
24-05-1947;;Tjekkoslovakiet;Brno;;N;Møde;;bl.a Jiři Straka;
25-05-1947;27-05-1947;Tjekkoslovakiet;Turďianský Svätý Martin (Slovakiet), pinse;;Del af Rejse;;;;K51 - 252
27-05-1947;29-05-1947;Tjekkoslovakiet;På tur (i bjergene?), F252, F296, Štrbskè Pleso (F307-08);;Del af Rejse;;;;
29-05-1947;;Tjekkoslovakiet;Bratislava;;Del af Rejse;Ankomst;;;
30-05-1947;;Tjekkoslovakiet;Bratislava;Lingvistkredsen i Bratislava;F;Oplæg;Le problème de la sémantique;;
02-06-1947;;Tjekkoslovakiet;Prag;;Del af Rejse;Ankomst;;;
04-06-1947;;Tjekkoslovakiet;Prag;Fonetikafdelingen;N;Møde;;Bohuslav Hála;K51 -256
05-06-1947;;Tjekkoslovakiet;Prag;;N;Møder;;Vachek;
06-06-1947;;Tjekkoslovakiet;Prag;;Del af rejse;Afrejse mod København;;;K51 - 257
22-09-1947;29??-09-1947;Frankrig;Paris;UNESCO;??;Committee of Experts (philosophers and humanists);;;K68 - 231
1947 (slutaugust-oktober);;Rundrejse (Sverige, Finland, Norge);;;Rejse;;;;Rundrejse: (planer om Lund, 28.08.), Stockholm, Uppsala, Helsingfors, Åbo (er bl.a. 29.09), Uppsala, Oslo, Lund) (kps. 51, F1-.., se F18 og F47) (F133) (slut F176)
28-08-1947;;Sverige;Lund;;Del af rejse;;;;
29-08-1947;01-09-1947;Sverige;Stockholm;;??;;;;K51 - 141
03-09-1947;10-09-1947;Sverige;Uppsala;;N;;;;(F129, F 173) (kps.46, F562, brev  til Vendryes,: Collinders finno-ugriske institut, Saareste, også om Menzerath og forhold til tyskerne)
11-09-1947;;Finland;Helsinki;;Del af rejsebeskrivelse;Ankomst;;;
20-09-1947;;Finland;Helsinki;Nyfilologiska föreningen;F;Foredrag;Accent och vokalharmoni från den strukturella lingvistikens synspunkt;;K51 -116, 62: avis, Nya pressen
03-10-1947;;Sverige;Uppsala;;F;Foredrag;Om språkliga strukturtyper;;K51 -63, 51: avis om tre typer
1947-??10;;Norge;Oslo;;;;;;
11-10-1947;;Sverige;Lund;;;;;;
27-01-1948;03-02??-1948;Sverige;Stockholm, Uppsala;;;;;(brev fra Saareste, 30.01.) (K51 - 42);
03-02-1948;0?-02-1948;Sverige;Lund;;;;;;
03-02-1948;;Sverige;Lund;;R;Ankomst;;(modtages af Lombard;K51 - 40
05-02-1948;;Sverige;Lund;Lunds Universitet;F;Forelæsning;Moderne franske udtrykssystem ;;K51 - F26
06-02-1948;;Sverige;Lund;Lunds Universitet;F;Forelæsning;Om sproglige strukturtyper ;(middag (aften) med Malmberg? F51 - 41 (her omtales også Stockholm-besøg);
20-04-1948;;Danmark;København;Slavistkredsen;F;Foredrag;Strukturel analyse af det russiske udtrykssystem;;K138 - 271ff
20-05-1948;;Danmark;København;Lingvistkredsen;F;Oplæg;Compte rendu de K. Bergsland : Røros-lappisk grammatik, 1946;;
19-07-1948;24-07-1948;Frankrig;Paris;Sixième Congrès International de Linguistes ;N;Deltagelse;;;K70 - 1ff
1948-;;Frankrig;Paris;Sixième Congrès International de Linguistes ;N;CIPL-møde;;;K46 - 522
1948-;;Frankrig;Paris;Sixième Congrès International de Linguistes ;F;Oplæg/report;;;
14-09-1948;27-09-1948;Sverige + Finland;;;Rejse;Videnskabelige forhandlinger;;;K68 - 227, 225
14-09-1948;;Danmark;København;;Del af rejse;Afrejse mod Sverige;;;
15-09-1948;;Sverige;Stockholm;;Del af rejsebeskrivelse;Ankomst;;;
17-09-1948;;Sverige - Finland;Stockholm - Helsinki;;Del af rejsebeskrivelse;;;;
17-09-1948;24-09-1948;Finland;Helsinki;;N;;;;
18-09-1948;20-09-1948;Finland;Helsinki;Internordisk Sprogkongres;N;Deltagelse uden oplæg;;;K68 - 199f.
24-09-1948;25-09-1948;Finland;Åbo;;N;;;;
25-09-1948;26-09-1948;Finland - Sverige;Åbo - Stockholm;;Del af rejsebeskrivelse;Natbåd;;;
26-09-1948;27-09-1948;Sverige - Danmark;Stockholm - København;;Del af rejsebeskrivelse;Nattog;;;
23-11-1948;;Danmark;København;Selskab for Nordisk Filologi;F;Oplæg;Grundtræk af det danske udtrykssystem 1;;K137 - 147
30-11-1948;;Danmark;København;Selskab for Nordisk Filologi;F;Oplæg;Grundtræk af det danske udtrykssystem 2;;K137 - 147
16-12-1948;;Danmark;København;Lingvistkredsen;F;Oplæg;Rapport sur le VIe Congrès international de linguistes (Paris 1948);;
16-12-1948;;Danmark;København;Lingvistkredsen;F;Oplæg;Le système d’expression du français moderne (à suivre);;
03-02-1949;;Danmark;København;Lingvistkredsen;F;Oplæg;Compte rendu de E.H. Sturtevant: An Introduction to Linguistic Science, 1947;;
03-02-1949;;Danmark;København;Lingvisktkredsen;F;Oplæg;Compte rendu de J. Eisenson: The Psychology of Speech, 1946;;
03-02-1949;;Danmark;København;Lingvistkredsen;F;Oplæg;Corpus alienum et deixis;;
03-02-1949;;Danmark;København;Lingvistkredsen;F;Oplæg;Le système d’expression du français moderne (suite);;
10-02-1949;;Danmark;København;Lingvistkredsen;F;Oplæg;Le système d’expression du français moderne: Discussion (à suivre);;
24-02-1949;;Danmark;København;Lingvistkredsen;F;Oplæg;Suite de la discussion sur le système d’expression du français moderne;;
03-03-1949;;Danmark;København;Lingvistkredsen;F;Oplæg;Syllabe et accent;;
11-03-1949;;Danmark;København;Videnskabernes Selskab;F;Foredrag;Foreløbige undersøgelser til en sammenlignende sprogtypologi;;K138 - 255ff
17-05-1949;28-05-1949;Frankrig;Paris;;R (N??) ;;;Vendryes m.fl.;K50 - 44, 57, 55,63 (henvisning til Rask-oplæg i Oslo)
20-05-1949;;Frankrig;Paris;Université de Paris, Institut d'Études Scandinaves;F;Gæsteforelæsning;Commentaires sur la vie et l’oeuvre de Rasmus Rask;;K132 - 442
02-06-1949;;Danmark;København;Lingvistkredsen;F;Oplæg;Structure générale des corrélations linguistiques;;
06-10-1949;;Danmark;København;Lingvistkredsen;F;Oplæg;Problèmes syntaxiques considérés d’un point de vue structural;;
13-10-1949;;Danmark;København;Københavns Universitet;F;Forelæsning??;;;K138 - 391-93
17-10-1949;;Danmark;København;Engelsklærerforeningen;F;Foredrag;Sprogteoretisk litteraturvidenskab;;K134 - 263ff
03-11-1949;;Danmark;København;Lingvistkredsen;F;Oplæg;Sentence Analysis and Syntax;;
01-03-1950;31-03-1950;Sverige;Lund (er kun i Lund onsdag-fredag, K50-421;Lunds Universitet;F;Forelæsninger;;Kontaktperson: Alf Lombard;K50 - 390-435 (læg 3/50), uv.fri, tilladelse 409
08-03-1950;30-03-1950;Sverige;Lund;Lunds Universitet;U;Kursus i albansk;onsdage 16-18, torsdage 13-15;;K50 - 410
22-03-1950;;Sverige ;Lund;Kungliga humanistiska vetenskapssamfundet i Lund;F;Foredrag;De strukturelle synspunkter i lingvistikken;;K137 - 1ff
28-04-1950;;Danmark;København;Videnskabernes Selskab;F;Foredrag;Semantikens grundproblem;;K134 - 410
10-05-1950;;Danmark;København;Lingvistkredsen;F;Oplæg;The Problem of Case (devant la Commission glossématique);;
12-05-1950;22-05-1950;Skotland;Edinburgh;University of Edinburgh;F;Forelæsninger (3 lectures) (som i London 1946, K51 - 463);Structural Analysis of Language;Uldall med flere ;K51 - 448
1950-juli;;Sverige - Finland;;;R;;;;
18-07-1950;20-07-1950;Sverige;Stockholm;;Del af R;;;;K71 - 84
20-07-1950;21-07-1950;Sverige - Finland;Stockholm - Helsinki;;Del af R;Natbåd;;;
21-07-1950;22-07-1950;Finland;Helsinki;;Del af R;;;;
22-07-1950;31-07-1950;Finland;Koli Turiststation, Vuonislahti;;Del af R;;;;
o1-08.1950;03-08-1950;Finland;Helsinki;;Del af R;;;;
04-08-1950;06-08-1950;Finland;Åbo;;Del af R;;;;
02-08-1950;05-08-1950;Finland;Helsinki - Åbo;Det nionde nordiska filologmötet ;N;Deltagelse ;;;K71 - 6ff
03-08-1950;;Finland;Helsinki;Det nionde nordiska filologmötet ;F;Oplæg i sektionen for almen sprogvidenskab;Den finska stadieväxlingen som strukturlingvistiskt problem ;;skal publiceres i AL som ”L’alternance consonantique du finnois”
08-08-1950;;Danmark;København;;Del af R;;;;
19-09-1950;;Danmark;København;Lingvistkredsen;F;Oplæg;Rapport sur le IXe Congrès scandinave de philologie (Helsinki et Åbo 1950);;
24-09-1950;01-10-1950;Sverige;;;R;;;;K146 - 341 (ansøgning 230950), K46 - 510
25-09-1950;28-09-1950;Sverige;Stockholm, Uppsala;4. nordiske lingvistkonference , Nature Method ;N;Deltagelse;;;K146 - 376
26-09-1950;;Sverige;Uppsala;4. nordiske lingvistkonference , Nature Method ;F;Oplæg;Static and Evolutionary Aspects of Language;;K146 -326, 510 (FG2,40)
25??-03-1951;05-04-1951;Frankrig;;;R;;;;
25-03-1951;31-03-1951;Frankrig;Nice;Conférence européenne de sémantique ;N;;;;K71 -
22-05-1951;;Danmark;København;Lingvistkredsen;F;Oplæg;La déclinaison hongroise ;;
31-05-1951;06-06-1951;Frankrig;Paris;UNESCO;N;Møde om ;The Problem of Human Behavior As Revealed by Speech;K68 -365: Sommerfelt, Firth, Benveniste, Greenberg, Levi-Strauss, Vogt  ;K68 - 229-428
10-09-1951;13-09-1951;Belgien;Liège;Congrès international de philologie moderne ;N;;;;K50 - 448??
25-09-1951;;Danmark;København;Lingvistkredsen;F;Oplæg (sammen med C.A. Bodelsen);Rapport sur le Congrès international de philologie moderne,  Liège sept. 1951;;
03-05-1952;17-09-1952;USA;;;R;Rundtur;;;
03-05-1952;;Danmark;København;;Del af R;Afrejse;;;
13-05-1952;;USA;New York;;Del af R;Ankomst;;;K50 - 70-387
14-05-1952;;USA;New York;Columbia University;F;Lecture;;;
15-05-1952;;USA;Cambridge, Mass.;;Del af R;Ankomst;;;
15-05-1952;;USA;Cambridge, Mass.;;F;Oplæg;Rasmus Rask: His Scientific Achievements;;K50 - 204
17-05-1952;;USA;Cambridge, Mass.;Philological Club;N;Supper Meeting;;;
20-05-1952;;USA;Cambridge, Mass.;MIT;F;Foredrag + diskussion (eftermiddag);The contributions which linguistics can make to communications engineering;;
20-05-1952;;USA;Cambridge, Mass.;Harvard, Modern Language Center, Students Harvard Linguistics Club ;F;Spørgetime ledet af Robert B. Lees;;;K50 . 75ff
23-05-1952;;USA;New Haven Connecticut;Yale University;Del af R;Ankomst;;;
23-05-1952;25-05-1952;USA;New Haven Connecticut;Yale University;;????;;;
25-05-1952;;USA;New York;;Del af R;Ankomst;;;
26-05-1952;02-06-1952;USA;Minneapolis;;;Ophold;;bolig Steefel;K50, F189-192
27-05-1952;;USA;Minneapolis;University of Minnesota;F;Foredrag;Rasmus Rask (1787-1832) - Pioneer of Comparative Phonology;;K50 - 190
28-05-1952;;USA;Minneapolis;Linguistic Club;N;Dinner Meeting;;;
29-05-1952;;USA;Star Island, Cass Lake;;N;Udflugt;;;K50 - 246, 273, 194
02-06-1952- - ???;;USA;Chicago;;Del af R;;;bolig Otto Brendel;
03-06-1952;;USA;Chicago;;F;Seminar on Glossematics;Informal discussion on the glossematic approach for those directly interested in linguistics;;K50 - 201
04-06-1952;;USA;Chicago;;F;Public lecture on Rasmus Rask (for a more general audience);;Dinner with Napier Wilt;K50 - 232, 188
06-06-1952;;USA;Chicago;Chicago Linguistic Society;F;Informal discussion;Some Basic Assumptions of Glossematic Theory;;K50 - 183, 194
;;;countryside?? I kommende uge (brev til RJ 0706, K50 - 181);;;;;;
18-06-1952;15-08-1952;USA;Bloomington, Indiana University;Linguistic Society, Linguistic Institute;L;Visiting professor;;bolig: Otto J. Brendels lejlighed;K50 - 184, 247
23-06-1952;15-08-1952;USA;Bloomington, Indiana University;Linguistic Institute, Summer Session;U;Kursus;Albanian, tirs- & torsdage 10.30-12.20;;
23-06-1952;15-08-1952;USA;Bloomington, Indiana University;Linguistic Institute, Summer Session;U;Kursus;Structural Analysis of Language, ons- & fredage 10.30-12.20;;
23-06-1952;15-08-1952;USA;Bloomington, Indiana University;;N;Oversættelses-samarbejde med F.J. Whitfield;;Whitfield;K50 - brev til Martinet 051152
21-06-1952;;USA;Bloomington, Indiana University;Linguistic Institute, Summer Session;N;Reception;;;K50 - 168, 169
07-07-1952;;USA;Bloomington, Indiana University;Linguistic Institute;F;Forum Lecture;Rasmus Rask - A Pioneer of Structural Linguistics;;K50 - 162
1952-1707??;;USA;Oklahoma;Pike??;N??;;;;K50 - 161
21-07-1952;31-07-1952;USA;Bloomington, Indiana University;Conference of Anthropologists and Linguists at the Linguistic Institute;N;;;;K50 - 149-150
23-07-1952;;USA;Bloomington, Indiana University;Conference of Anthropologists and Linguists at the Linguistic Institute;N;Hjelmslev er Chairman med Voegelin som introducer;Dialect Distance and Culture History;;
26-07-1952;;USA;Bloomington, Indiana University;Linguistic Institute;N;Open House;;;K50 - 148
27-07-1952;;USA;Bloomington, Indiana University;;N;Middag hos Chao's;;Chao;K50 - 147
02-08-1952;;USA;Bloomington, Indiana University;Linguistic Institute;N;Picnic;;Chao, Hill, Hockett, Hoge, Householder, Valentin Kiparski, George S.  Lane, Sebeok, Henry Lee Smith, Twaddell, Voegelin, Teng, Velten, Whitehall, Max  Zorn. ;K50 - 135, 156
15-08-1952;;USA;Indianapolis;;Del af R;Ankomst;;;K20 -26
16-08-1952;;USA;Denver, Colorado;;Del af R;Ankomst;;;K20 - 23, 27, 28
;;;Yellowstone Park;;Del af R;;;;K20 - 27
1952-???? -;;USA;San Francisco, Berkely;;N;Oversættelses-samarbejde med F.J. Whitfield;;Whitfield;K20 - 27
10-09-1952;;USA;New York;;Del af R;Afgang;;;K20 - 27, K50 - 73, 129
17-09-1952;;Danmark;København;;Del af R;Ankomst;;;K50 - 74
11-11-1952;;Danmark;København;Lingvistkredsen;F;Oplæg;Rapport sur le 4e Conférence Internationale d’Anthropologie et de Linguistique, ;Bloomington, Indiana, 1952;
1953begyndelse;;Danmark;København;Studenterforeningen;F;Foredrag;islandske håndskrifter, se Mich.R., s.484;;
30-01-1953;;Danmark;København;Videnskabernes Selskab;F;Foredrag;Den internationale sprogvidenskabs nuværende stilling;;K47 - 158, 181
27-02-1953;;Danmark;København;Videnskabernes Selskab;F;Meddelelse;Principes de linguistique génétique;;K50 -  551
12-04-1953;15-04-1953;Danmark;Aarhus;;F;To forelæsninger;;;K21 - 349 (brev til Bergsland)
20-09-1953;??-10-1953;Sverige, Norge;;;R;;;;K46 - 355, K137 - 92
20-09-1953;;Danmark;København;;Del af R;Afrejse;;;
21-09-1953;;Sverige;Stockholm;;Del af R;Ankomst;;;K137 - 103
21-09-1953;;Sverige;Stockholm;Filosofiska Föreningen i Stockholm & Filologiska Föreningen, Stockholms Högskola;F;Foredrag;Nogle grundprincipper for lingvistisk analyse;;K137 - 97
22-09-1953;;Sverige;Uppsala;Filosofiska Föreningen, Uppsala;F;Foredrag;;;
25-09-1953;??-??-1953;Norge;Oslo;;R;;;;
26-09-1953;;Norge;Oslo;Oslo Universitet;F;Forelæsning;Sprogets grundstruktur belyst ved simple modeller;;K137 - 31, 37
28-09-1953;;Norge;Oslo;Oslo Universitet;F;Forelæsning;Sprogets grundstruktur belyst ved simple modeller;;K137 - 31, 37
28-09-1953;;Norge;Oslo;UNESCO Meeting;N;The Problem of Human Behavior As Revealed by Speech;;;K68 - 359
29-09-1953;;Norge;Oslo;Norsk forening for språkvitenskap ;F;Foredrag;Bidrag til læren om sproglige strukturtyper;;K137 - 20-62, 36
1953??;;;;;;;;;
08-10-1953;09?-10-1953;Sverige;Göteborg;;R;;;;K137 - 31
26-11-1953;;Danmark;København;Københavns Universitet;F;Tale ved universitetets årsfest;Sprogets indholdsform som samfundsfaktor;;
16-12-1953;19-12-1953;Frankrig;Paris;UNESCO Meeting;N;The Problem of Human Behavior As Revealed by Speech;;;K68 - 343
19-03-1954;;Norge;Oslo;Norsk Videnskaps-Akademi;L;Brev om valg LH til akademiet;;;K73 - 81
11-05-1954;;Danmark;København;Lingvistkredsen;F;Oplæg;Introduction à une discussion sur G. Bech : Studien über das deutsche verbum infinitivum;;
23-08-1954;28-08-1954;Danmark;København;The Second International Congress of Classical Studies. J.N. Madvig Congress;L;LH holder indledningstale 23.08. i stedet for rektor;;;K57 - 53ff
1954-??08;;Danmark;København;The Second International Congress of Classical Studies. J.N. Madvig Congress;F;Oplæg;Introduction à la discussion générale des problèmes rélatifs à la phonologie des langues mortes, en espèce du grec et du latin;;K65 - 316
01-11-1954;;Danmark;;;F;Foredrag;Menneskeracerne og sprogene II;;K65 - 70
16-11-1954;;Danmark;København;Lingvistkredsen;F;Oplæg;La classification des variantes et la description de la substance des catégories;;
23-11-1954;;Danmark;København;Lingvistkredsen;F;Oplæg;Discussion de La classification des variantes et la description de la substance des catégories;;
30-11-1954;- - 1954-08??12;Frankrig;;;R??;;;;K50 - 21/54, 436ff., 443 (program)
01-12-1954;04-12-1954;Frankrig;Strasbourg;;Del  af R;;;;
01-12-1954;;Frankrig;Strasbourg;;N;Møder;med Straka, Fourquet, Marcel Simon;Straka, Fourquet, Simon;K50 - 439
02-12-1954;;Frankrig;Strasbourg;Universitetet;N;Indvielse af dansk lektorat;;;K50 - 439, 472
03-12-1954;;Frankrig;Strasbourg;;F;Forelæsning;;;K50 - 439
03-12-1954;;Frankrig;Strasbourg;;??;;;;
04-12-1954;;Frankrig;Paris;Konference? (K50 - 472);??;;;;
05-12-1954;;Frankrig;Paris;Danske Ambassade;N;Møde med danske ambassadør;;;K50 - 455
07-12-1954;;Frankrig;Paris;For Nordisk Sprog- og Kulturforlag;N;Møde;Fernand Mossé;;K50 - 438
15-03-1955;;Danmark;København;Lingvistkredsen;F;Oplæg;Y a-t-il en latin un cas instrumental?;;
21-03-1955;22-03-1955;Sverige;Lund;;R;;;;K137 - 77
21-03-1955;22-03-1955;Sverige;Lund;Lunds Universitet;F;Forelæsninger;Det latinske kasussystem??;;K137 - 78
21-03-1955;;Sverige;Lund;Filosofiska Föreningen och Filologiska Sällskapet ;F;Foredrag;Nogle grundprincipper for lingvistisk analyse;;K137 - 63ff.
22-03-1955;;Danmark;København;Lingvistkredsen;F;Oplæg;LH ouvre une discussion sur le contenu sémantique du genre grammatical;;
03-05-1955;;Danmark;København;Lingvistkredsen;F;Oplæg;LH présente son ouvrage : Stratification du langage;;
31-05-1955;;Danmark;København;Lingvistkredsen;F;Oplæg;qui et que en français;;
20-06-1955;23-06-1955;Norge;Oslo;;R;;;;K46 - 376
21-06-1955;22-06-1955;Norge;Oslo;CIPL;N;;;Belic, Benveniste, Deeters, Hjelmslev, Michaëlsson, Mohrmann, Norman, Pop,Sommerfelt, Vogt, Whatmough;K46 - 261
20-11-1955;??-12-1955;England, Frankrig;;;R;;;F50 - 498 - liste over navne;K50 - 504 RØ-bevilling
20-11-1955;26-11-1955;England;London;;Del af R;;;;K68 - …, K50 - 530. K50 - 541 (bortrejse: Unesco, lektorat), 543 grundig ansøgning
21-11-1955;25-11-1955;England;London;UNESCO;N;The Problem of Human Behavior As Revealed by Speech;Møde;Sommerfelt, J.P. Firth, R. Firth, Hoijer, Vogt (afbud fra Benveniste, Levi-Strauss;K68 - 253, 261
23-11-1955;;England;London;Møde med Firth;N;Om 'lingua latina' (naturmetoden) i England;;Firth;K50 - 520
26-11-1955;;England;Oxford;Møde med Palmer;N;Om 'lingua latina' (naturmetoden) i England;;Palmer;K50 - 520
26-11-1955;03-12-1955;Frankrig;Paris;Møder med ???;N;;;;K50 - 542
03-12-1955;10??-12-1955;Frankrig;Strasbourg;Møder med Imbs, Straka, Fourquet;N;;;;K69 - 203
22-05-1956;02-06-1956;Frankrig;;;R;;;;K69 - 225
22-05-1956;25-05-1956;Frankrig;Paris;Møder med ???;N;;;;K69 - 225
25-05-1956;28-05-1956;Frankrig;Strasbourg;Kollokvium og møder med ??;N;;;;K69 - 225
28-05-1956;;Frankrig;Strasbourg;Colloque de linguistique structurale;F;Oplæg;L'idée structuralise en linguistique;;K69 - 209
28-05-1956;02-06-1956;Frankrig;Paris;Møder med ???;N;;;;K69 - 209
08-08-1956;14-08-1956;Danmark;København;Thirty-Second International Congress of Americanists;N;Deltagelse;;;K69 - 167, 189
09-08-1956;;Danmark;København;Thirty-Second International Congress of Americanists;F;Oplæg;Essai d'une critique de la méthode dite glotto-chronologie ;;K69 - 189
18-09-1956;;Danmark;København;Lingvistkredsen;F;Studies in the Structure of the Junction;;;
02-11-1956;;Danmark;København;Videnskabernes Selskab;F;Sur l’indépendance de l’épithète;;;K144 - 779
20-11-1956;;Danmark;København;Lingvistkredsen;F;Rapport sur le 32e Congrès d’Américanistique ;;;
12-02-1957;;Danmark;København;Sommeruniversitetet;F;Helhed og struktur i sprogvidenskaben;;;K137 - 129
15-02-1957;;Danmark;København;Videnskabernes Selskab;F;Meddelelse;Etudes ougriennes. 1. Thème et suffixation. II. La système de l'expression.;;
26-03-1957;;Danmark;København;Lingvistkredsen;F;Oplæg;On Unit-Accentuation;;
06-05-1957;13-05-1957;Frankrig;;;R;;;;
06-05-1957;10-05-1957;Frankrig;Paris;;Del af R /N;Møder med (program K52-7) Martinet, Fourquet, Vendryes, Fenger, Cohen, Hoder, Arthur Jensen??;;;K52 - 25ff.
10-05-1957;13-05-1957;Frankrig;Caen;;Del af R / N;Møder med Frédéric Durand, Børge Olesen ;;;K52 - 3, 15-19
1957 August;;Norge;Oslo;;R;;;;
05-08-1957;09-08-1957;Norge;Oslo;8th International Congress of Linguists ;N;Deltagelse;;;K46 - 379ff
1957 - 0508 (+ 0809?);;Norge;Oslo;8th International Congress of Linguists ;N;CIPL-møde;;;K46 - 256, 254, 255 deltagere?, 356
08-08-1957;;Norge;Oslo;8th International Congress of Linguists ;F;Oplæg som rapporteur;Dans quelle mesure les significations des mots peuvent-elles être considerées comme formant une structure?;;
1957-;;Norge;Oslo;8th International Congress of Linguists ;N;Conseil Int. AL, Indogerm. Gesellschaft;;;
;;;;;;;;;
15-10-1957;;Danmark;København;Lingvistkredsen;F;Oplæg;Le principe saussurien du caractère linéaire du signifiant;;
17-12-1957;;Danmark;København;Lingvistkredsen;F;Oplæg;Conférence officielle à l’occasion du centenaire de Ferdinand de Saussure, par LH;;K65 - 373
18-02-1958;;Danmark;København;Lingvistkredsen;F;Oplæg;Rapport sur le 8e Congrès international de linguistes, Oslo 1957 (avec Eli Fischer-Jørgensen);;
18-02-1958;;Danmark;København;Lingvistkredsen;F;Oplæg;LH présente l’ouvrage de L. Hjelmslev et de H.J. Uldall: An Outline of Glossematics, vol. I, H.J. Uldall: General Theory;;
23-04-1958;;Danmark;København;Nordisk Sommeruniversitet;F;Foredrag;Udviklngstanken i lingvistikken;;K68-432
30-04-1958;;Danmark;København;Nordisk Sommeruniversitet;F;Foredrag;Lydudvikling og lydvariation;;K68-432
01-12-1958;04-12-1958;Finland;Helsinki;;R;;;;K45 - 394
02-12-1958;;Finland;Helsinki;Société finno-ougriènne. 75e anniversaire ;N;Jubilæumshilsner fra Videnskabernes Selskab og Lingvistkredsen, taler holdt på finsk;;;K45 - 366ff.
03-12-1958;;Finland;Helsinki;Congrès Finno-Ougrien;N;Deltagelse;;;K45 - 390
09-12-1958;;Danmark;København;Lingvistkredsen;F;Oplæg;Rapport sur le 75e anniversaire de la Société Finno-Ougrienne et du Congrès Finno-Ougrien tenus à Helsinki en décembre 1958;;
09-12-1958;;Danmark;København;Lingvistkredsen;F;Oplæg;Considérations sur la standardisation internationale de la notion phonétique;;
18-10-1959;29-11-1959;Italien;;;Rejse;;;;
18-10-1959;02-11-1959;Italien;Rom;;Del af R;;;;
19-10-1959;23-10-1959;Italien;Rom;Conventus Romanus. 5. lingvistkongres;N;Deltagelse;;;
21-10-1959;;Italien;Rom;Conventus Romanus. 5. lingvistkongres;F;Oplæg;Commutation et substitution de principe constitutif du mécanisme de la langue ;;K65
29-10-1959;;Italien;Rom;Biblioteca Apostolica Vaticana;L;;;;K52 - 192
;;;;;;;;;
02-11-1959;06-11-1959;Italien;Napoli;;Del af R;;;;K52 - 202
06-11-1959;09-11-1959;Italien;Sorrento;;Del af R;;;;K52 - 172, 173
;;;;;;;;;
15-11-1959;18-11-1959;Italien;Castrovillari;;Del af R;;;;K52 - 146
18-11-1959;19-11-1959;Italien;Cosenza;;Del af R;;;;K52 - 148
19-11-1959;24-11-1959;Italien;Palermo;;Del af R;;;;K52 - 153, 159
24-11-1959;26-11-1959;Italien;Siracusa;;Del af R;;;;K52 - 159
26-11-1959;29-11-1959;Italien;Rom;;Del af R;;;;K52 - 159
10-03-1960;11-03-1960;Sverige;Lund;;R;;;;
10-03-1960;;Sverige;Lund;Filologiska Sällskapet;F;Foredrag;Talordene. Bidrag til en almen og sammenlignende lexikalsk og grammatiks beskrivelse;;K138 - 308ff.
12-04-1960;;Danmark;København;Lingvistkredsen;F;Oplæg;Une nouvelle interprétation des différents temps du subjonctif dans certaines langues (Exemples principaux : latin classique et allemand normal);;
01-05-1960;11-05-1960;Frankrig;;;R;;;;K52 - 218ff
01-05-1960;07-05-1960;Frankrig;Nancy;Centre européen universitaire (CEU);N;;;;K 52 - 246
02-05-1960;03-05-1960;Frankrig;Nancy;Centre européen universitaire (CEU);F;Forelæsning (første 2 af 4);Conditions sociales et politiques des langues dans les pays du nord ;;K52 - 246, K147 - 1f., 17ff
04-05-1960;;Frankrig;Nancy;Centre européen universitaire (CEU);N;Følge lingvistiktime på CEU;;;K52 - 246
04-05-1960;;Frankrig;Nancy;Centre européen universitaire (CEU);F;Foredrag for danskstuderende;Genus;;K52 - 246
05-05-1960;06-05-1960;Frankrig;Nancy;Centre européen universitaire (CEU);F;Forelæsning 3-4 ;Conditions sociales et politiques des langues dans les pays du nord ;;K52 - 246, K147 - 1f., 17ff
07-05-1960;11-05-1960;Frankrig;Paris;;Del af R;;;Mødes nok med Henning Fenger, Maurice Gravier, Benveniste, Mme. Vendryes (K52 - 235 (oplæg på Sorbonne, skandinavisk), 241, 244-45);
24-08-1960;ca. 15-09-1960;USA;Californien;;R;;;;K49 - 1, 32
24-08-1960;02-09-1960;USA;Stanford University, Stanford;International Congress for logic, methodology and philosophy of science;N;Deltagelse;;;K49 - 1, 32
1960-??;;USA;Stanford University, Stanford;International Congress for logic, methodology and philosophy of science;F;Oplæg;Methodological Prerequisites of structural Linguistics;;K65
17-11-1960;09-12-1960;England, Frankrig;;;R;;;;K50 - 569ff, 592 (flybillet), 604, 633
17-11-1960;22-11-1960;England;London;;Del af R;;;;K50 - 575
22-11-1960;25-11-1960;England;Cambridge;c/o Elias Bredsdorff;Del af R;;;;K50 - 600, 723
24-11-1960;;England;Cambridge;;F;Foredrag;Accent, Vowel Harmony, and Syllable, an Example of Linguistic Typology ;W.S. Allen, Chadwick;K138 - 253
25-11-1960;29-11-1960;Frankrig;Caen;;Del af R;;;;
29-11-1960;;Frankrig;Caen;;F;Foredrag;Le genre grammatical du français et du danois;Frédéric Durand;K50 - 682. 684
29-11-1960;04-12-1960;Frankrig;Paris;;Del af R;;;;
02-12-1960;;Frankrig;Paris;Sorbonne, Institut scandinavique eller de inguistique;F;Forelæsning;Le genre grammatical du français et du danois;Gravier;K50 - 633, 677
03-12-1960;;Frankrig;Paris;Société de Linguistique de Paris;F;Foredrag;Les mutations linguistiques, essai de synthèse et de mise au point;;K50 - 633, 690
04-12-1960;06-12-1960;Frankrig;Nancy;;Del af R;;;;
04-12-1960;;Frankrig;Nancy;;F;Foredrag;Les degrés de comparaison;;
06-12-1960;09-12-1960;Frankrig;Strasbourg;;Del af R;;;Straka;K50 - 582
08-12-1960;;Frankrig;Strasbourg;;F;;Le genre grammatical du français et du danois;Marcel Simon;K50 - 583
19-01-1961;02-03-1961;USA;;;R;;;;
20-01-1961;17-02-1961;USA;Austin, Texas;University of Texas;F;6 forelæsninger: 3101, 0202, 0702, 0902, 1402, 1602? Discussions: 0102, 0802, 1502;Glossematics and Contemporary Linguistic Theory;Lehmann …;K52 - 269, 276-351, 365
;;USA;Austin, Texas;Linguistics Club, Austin ;F;Foredrag;;;K52 - 354
17-02-1961;20-02-1961;USA;New Orleans;;F;;Accent, Vowel Harmony and Syllable: an Example of Linguistic Typology;;K52 - 481
20-02-1961;24-02-1961;USA;Chapel Hill;;Del af R;;;;
21-02-1961;23-02-1961;USA;Chapel Hill;The University of North Carolina;F;Forelæsninger: 2102, 2302;Accent, Vowel Harmony and Syllable: an Example of Linguistic Typology;Lane;K52 - 372
24-02-1961;28-02-1961;USA;Washington D.C.;;Del af R;;;Robert Lado;K52 - 464
1961-??02;;USA;Washington D.C.;;F;Foredrag;;;
28-02-1961;02??-03-1961;USA;New York;;Del af R;;;;K52 - 452
06-05-1962;1005/1405-1962;Italien;Venezia;;R;;;;K52 - 83, 84, 89, 90
28-11-1962;04-12-1962;Italien;Firenze, Pisa;;Del af R;;;;K52 - 52, 56
28-11-1962;;Italien;Firenze;Università di Firenze;F;Forelæsning;Les degrés de comparaison;;K52 - 56
29-11-1962;;Italien;Firenze;Università di Firenze;F;Forelæsning;Le genre grammatical;;K52 - 56
30-11-1962;;Italien;Firenze;Circolo linguistico fiorentino;F;Foredrag;Syllabe, accent et harmonie ;;K52 - 56
30-11-1962;01-12-1962;Italien;Pisa;;Del af R;;;Bolelli;K52 - 56
01-12-1962;;Italien;Pisa;l’Institut de linguistique ;N;Séminaire;;;K52 - 56
11-05-1963;;Danmark;København;Dansk selskab for oldtids- og middelalderforskning;F;Foredrag;Det etruskiske problem;;K138 - 563
30-05-1965;;Danmark;København;;L;Hjelmslev dør;;;